date,price,dividend,earnings,cpi,gs10,realPrice,realDividend,realTotalReturnPrice,realEarnings,cape
1871-01,4.44,0.26,0.4,12.46406116,5.32,119.94077137535484,7.0235586841424,119.94077137535484,10.805474898680616,
1871-02,4.5,0.26,0.4,12.84464132,5.323333333333333,117.95978472678753,6.815454228658835,118.52773924584244,10.48531419793667,
1871-03,4.61,0.26,0.4,13.0349719,5.326666666666667,119.07874941410499,6.715938144830216,120.21444771952243,10.332212530508025,
1871-04,4.74,0.26,0.4,12.55922645,5.33,127.0746404130646,6.970338925611138,128.87299997368297,10.723598347094061,
1871-05,4.86,0.26,0.4,12.27381157,5.333333333333334,133.32152002395455,7.132426997166292,135.8110658097574,10.972964611025066,
1871-06,4.82,0.26,0.4,12.08348099,5.336666666666667,134.3069274775265,7.244772021609312,137.42987864135927,11.145803110168174,
1871-07,4.73,0.26,0.4,12.08348099,5.34,131.79912177773866,7.244772021609312,135.48152973945895,11.145803110168174,
1871-08,4.79,0.26,0.4,11.8932314,5.343333333333334,135.60605551658568,7.3606627211507885,140.02535384787862,11.324096494078137,
1871-09,4.84,0.26,0.4,12.17864628,5.346666666666668,133.8103737092855,7.188160571159965,138.78968690658502,11.058708571015334,
1871-10,4.59,0.26,0.4,12.36889587,5.3500000000000005,124.9468152810959,7.077597379757067,130.20804752943786,10.888611353472411,
1871-11,4.64,0.26,0.4,12.36889587,5.3533333333333335,126.30789170027994,7.077597379757067,132.24107078425476,10.888611353472411,
1871-12,4.74,0.26,0.4,12.65439174,5.3566666666666665,126.11899629717011,6.917919628114816,132.64687568320704,10.642953274022796,
1872-01,4.86,0.2633,0.4025,12.65439174,5.36,129.31188227937696,7.005723992625503,136.61905260569662,10.709471731985438,
1872-02,4.88,0.2667,0.405,12.65439174,5.378333333333333,129.84402994307808,7.096189095454697,137.80603604114424,10.775990189948079,
1872-03,5.04,0.27,0.4075,12.84464132,5.3966666666666665,132.11495889400203,7.077587083607253,140.8421830920179,10.681913839147981,
1872-04,5.18,0.2733,0.41,13.13013719,5.415000000000001,132.83237408428022,7.008318115296097,142.22959517399133,10.513759338717161,
1872-05,5.18,0.2767,0.4125,13.13013719,5.433333333333334,132.83237408428022,7.095505387861069,142.86271822715483,10.577867627367876,
1872-06,5.13,0.28,0.415,13.0349719,5.451666666666666,132.5106257037654,7.232548771355618,143.16489820009724,10.719670500402076,
1872-07,5.1,0.2833,0.4175,12.84464132,5.470000000000001,133.68775602369251,7.4262237806886455,145.10528314673445,10.944046694096397,
1872-08,5.04,0.2867,0.42,12.93980661,5.488333333333333,131.14332471464965,7.460077618192472,143.0183128991405,10.92861039288747,
1872-09,4.95,0.29,0.4225,13.0349719,5.506666666666667,127.86113006503682,7.490854084618317,140.11967890887303,10.9133994853491,
1872-10,4.97,0.2933,0.425,12.74947603,5.5249999999999995,131.25247175353917,7.745744459821538,144.54352513219783,11.223802916550131,
1872-11,4.95,0.2967,0.4275,13.13013719,5.543333333333333,126.93441152841451,7.608371697066785,140.4864390642235,10.96251735927216,
1872-12,5.07,0.3,0.43,12.93980661,5.5616666666666665,131.92393974271306,7.806150280633907,146.7286332011311,11.188815402241934,
1873-01,5.11,0.3025,0.4325,12.93980661,5.58,132.96475978013092,7.871201532972523,148.61579880730935,11.25386665458055,
1873-02,5.15,0.305,0.435,13.22522149,5.570833333333334,131.11359146696606,7.764979688820319,147.26998129180902,11.074643162743735,
1873-03,5.11,0.3075,0.4375,13.22522149,5.561666666666666,130.0952334749896,7.828627063318847,146.8589121692712,11.138290537242263,
1873-04,5.04,0.31,0.44,13.22522149,5.552499999999999,128.31310698903084,7.892274437817374,145.5895836720482,11.201937911740789,
1873-05,5.05,0.3125,0.4425,12.93980661,5.543333333333333,131.4035297240041,8.131406542326987,149.86496426248223,11.514071663935015,
1873-06,4.98,0.315,0.445,12.55922645,5.534166666666667,133.50879942132104,8.444833698336572,153.0686191455421,11.930003161142139,
1873-07,4.97,0.3175,0.4475,12.55922645,5.525,133.24070946264368,8.51185618800591,153.5744935143715,11.997025650811478,
1873-08,4.97,0.32,0.45,12.55922645,5.515833333333333,133.24070946264368,8.578878677675247,154.3985015278624,12.064048140480816,
1873-09,4.59,0.3225,0.4525,12.55922645,5.506666666666667,123.05329103290433,8.645901167344585,143.42828606467802,12.131070630150154,
1873-10,4.19,0.325,0.455,12.27381157,5.4975000000000005,114.94180430048758,8.915533746457866,134.8396901248334,12.481747245041012,
1873-11,4.04,0.3275,0.4575,11.8932314,5.488333333333332,114.37337459018917,9.271604004526473,135.0792443794181,12.951935365101868,
1873-12,4.42,0.33,0.46,12.17864628,5.479166666666666,122.19872970971942,9.12343457108765,145.21920875518467,12.717514856667632,
1874-01,4.66,0.33,0.46,12.36889587,5.47,126.85232226795358,8.983104366614738,151.6390870419429,12.521903056493272,
1874-02,4.8,0.33,0.46,12.36889587,5.4366666666666665,130.6633362416689,8.983104366614738,157.08963362553203,12.521903056493272,
1874-03,4.73,0.33,0.46,12.36889587,5.403333333333332,128.75782925481127,8.983104366614738,155.69873582780602,12.521903056493272,
1874-04,4.6,0.33,0.46,12.17864628,5.37,127.1751485666763,9.12343457108765,154.70426597167693,12.717514856667632,
1874-05,4.48,0.33,0.46,12.08348099,5.336666666666667,124.83299483388355,9.195287565888743,152.78726154380243,12.8176735766934,
1874-06,4.46,0.33,0.46,11.79806612,5.303333333333334,127.28214096498044,9.417736887543397,156.74540992354284,13.127754449302918,
1874-07,4.46,0.33,0.46,11.8932314,5.27,126.26367590897121,9.342379607614463,156.44993671491275,13.022710968189857,
1874-08,4.47,0.33,0.46,11.79806612,5.236666666666666,127.56752693126964,9.417736887543397,159.03794235134248,13.127754449302918,
1874-09,4.54,0.33,0.46,11.79806612,5.203333333333333,129.565228695294,9.417736887543397,162.50689075833483,13.127754449302918,
1874-10,4.53,0.33,0.46,11.60773554,5.17,131.3996280535523,9.572158335026987,165.80817007917952,13.343008588219439,
1874-11,4.57,0.33,0.46,11.51265124,5.136666666666667,133.65471692166017,9.651215882745701,169.66865560576906,13.453210018372797,
1874-12,4.54,0.33,0.46,11.51265124,5.1033333333333335,132.7773336595924,9.651215882745701,169.5758390545624,13.453210018372797,
1875-01,4.54,0.3275,0.4517,11.51265124,5.07,132.7773336595924,9.578100610906718,170.59522391672044,13.210467315867374,
1875-02,4.53,0.325,0.4433,11.51265124,5.03,132.48487257223644,9.504985339067737,171.23714794210454,12.964800002488392,
1875-03,4.59,0.3225,0.435,11.51265124,4.99,134.23963909637203,9.431870067228754,174.5210833124071,12.72205729998297,
1875-04,4.65,0.32,0.4267,11.60773554,4.95,134.880412902653,9.282092930935262,176.35974996830652,12.377090792593988,
1875-05,4.47,0.3175,0.4183,11.32232066,4.91,132.92770649193042,9.441733067379845,174.83531062969234,12.439297455385793,
1875-06,4.38,0.315,0.41,11.13207107,4.87,132.47733379769016,9.52747948545032,175.28721493643982,12.400846314395654,
1875-07,4.39,0.3125,0.4017,11.13207107,4.83,132.77979346389492,9.451864568899126,176.72959926787075,12.149804791445693,
1875-08,4.41,0.31,0.3933,11.22715537,4.79,132.25505959128807,9.296840923650636,177.06235251337938,11.794992049263854,
1875-09,4.37,0.3075,0.385,11.13207107,4.75,132.1748741314854,9.300634735796741,177.99263724561706,11.644697148883724,
1875-10,4.3,0.305,0.3767,11.13207107,4.710000000000001,130.057656468052,9.225019819245547,176.1767321936261,11.393655625933762,
1875-11,4.37,0.3025,0.3683,11.03690579,4.67,133.31454671228104,9.22829528157094,181.63025597534894,11.235640172570504,
1875-12,4.37,0.3,0.36,10.9417405,4.63,134.47404391467703,9.231627728696362,184.25808885580207,11.077953274435634,
1876-01,4.46,0.3,0.3533,10.84657521,4.59,138.44767458169866,9.312623850786906,190.76616597707226,10.967166688276713,
1876-02,4.52,0.3,0.3467,10.84657521,4.578333333333333,140.31019935185606,9.312623850786906,194.40184402820483,10.762288963559401,
1876-03,4.51,0.3,0.34,10.84657521,4.566666666666666,139.99977855682982,9.312623850786906,195.0469828911303,10.55430703089183,
1876-04,4.34,0.3,0.3333,10.75149091,4.555000000000001,135.91408830945102,9.394983062865277,190.4455734887312,10.437826182843324,
1876-05,4.18,0.3,0.3267,10.37091074,4.543333333333333,135.70717946416343,9.73974972230838,191.29294317294602,10.606587447593826,
1876-06,4.15,0.3,0.32,10.08541488,4.531666666666666,138.54720446562334,10.015460563779998,196.4727279715792,10.683157934698666,
1876-07,4.1,0.3,0.3133,10.08541488,4.52,136.87796103832665,10.015460563779998,195.28915732114797,10.459479315440912,
1876-08,3.93,0.3,0.3067,10.18058017,4.508333333333334,129.97608784608195,9.921838766876483,186.62164043484378,10.143426499336725,
1876-09,3.69,0.3,0.3,10.27574545,4.496666666666667,120.90839818341352,9.829951071822238,174.77828002055983,9.829951071822238,
1876-10,3.67,0.3,0.2933,10.46599504,4.485,118.06712240712088,9.65126341202623,171.8337035450739,9.435718529157645,
1876-11,3.6,0.3,0.2867,10.56116033,4.473333333333334,114.7715650672259,9.564297088935492,168.1973643312174,9.140279917992686,
1876-12,3.58,0.3,0.28,10.75149091,4.461666666666667,112.11346455019232,9.394983062865277,165.44928628172937,8.768650858674262,
1877-01,3.55,0.2908,0.2817,10.9417405,4.45,109.24092812290695,8.948524478349674,162.31066368981965,8.668498437245884,
1877-02,3.34,0.2817,0.2833,10.65632562,4.440833333333333,105.53157580783457,8.90067212726557,157.9013461897431,8.951226175556748,
1877-03,3.17,0.2725,0.285,10.18058017,4.431666666666667,104.84076296999484,9.012336879912807,157.99144307943362,9.42574682853266,
1877-04,2.94,0.2633,0.2867,10.46599504,4.4225,94.58238143785707,8.47059218795502,143.59615411413145,9.22339073409307,
1877-05,2.94,0.2542,0.2883,10.65632562,4.413333333333333,92.89306373504003,8.031774422260943,142.0475725513809,9.10920757646668,
1877-06,2.73,0.245,0.29,10.08541488,4.404166666666667,91.140691130398,8.179292793753666,140.4102107861315,9.681611878320666,
1877-07,2.85,0.2358,0.2917,10.18058017,4.395,94.25746828532661,7.798565270764917,146.21307644575626,9.6473345609929,
1877-08,3.05,0.2267,0.2933,9.8,4.385833333333333,104.78936352040813,7.78877006887755,163.55708644648354,10.076957482142856,
1877-09,3.24,0.2175,0.295,9.704834711,4.376666666666667,112.40879855104622,7.545961013843381,176.43112408872273,10.234751719925505,
1877-10,3.31,0.2083,0.2967,9.704834711,4.367500000000001,114.83738370492685,7.226775536476213,181.18813919628982,10.293731645091178,
1877-11,3.26,0.1992,0.2983,9.514585124,4.358333333333333,115.36423298492105,7.049250064600084,182.94623871632362,10.556181196135567,
1877-12,3.25,0.19,0.3,9.514585124,4.349166666666666,115.01035496962989,6.723682290532209,183.27359650543772,10.616340458735065,
1878-01,3.25,0.1892,0.3008,9.229089256,4.34,118.56812542890852,6.902489024969074,189.85966190957691,10.973936039697133,
1878-02,3.18,0.1883,0.3017,9.134004959,4.33,117.2220509848751,6.941167358632698,188.63045635658273,11.121349931489567,
1878-03,3.24,0.1875,0.3025,8.94367438,4.32,121.97546149930382,7.058765133061565,197.2260760386437,11.388141081339324,
1878-04,3.33,0.1867,0.3033,8.848509091,4.3100000000000005,126.71194898137217,7.104240502949605,205.84191251246693,11.541061299114169,
1878-05,3.34,0.1858,0.3042,8.563094215,4.3,131.3285603035958,7.30564266599045,214.3305309951618,11.961122168968219,
1878-06,3.41,0.185,0.305,8.372844628,4.29,137.1275717526667,7.439472367813297,224.80639934542066,12.265076065854354,
1878-07,3.48,0.1842,0.3058,8.467928926,4.279999999999999,138.37112713621752,7.324126901865307,227.84567452010367,12.159163988004401,
1878-08,3.45,0.1833,0.3067,8.563094215,4.27,135.65375240940287,7.207342845403925,224.3601550826723,12.05942198955474,
1878-09,3.52,0.1825,0.3075,8.563094215,4.26,138.40614738582553,7.175886902816239,229.9014173670209,12.09087793214243,
1878-10,3.48,0.1817,0.3083,8.467928926,4.25,138.37112713621752,7.2247223565088285,230.84330679843623,12.258568533360881,
1878-11,3.47,0.1808,0.3092,8.372844628,4.239999999999999,139.54037360168726,7.270576238381859,233.8047365716278,12.43397219528579,
1878-12,3.45,0.18,0.31,8.18251405,4.2299999999999995,141.96319803447207,7.406775549624628,238.89845540324143,12.75611344657575,
1879-01,3.58,0.1817,0.3158,8.277679339,4.22,145.61894048261343,7.390771364718117,246.0868551219561,12.845380280561264,
1879-02,3.71,0.1833,0.3217,8.372844628,4.203333333333333,149.19158099776936,7.371109648757715,253.16245232650283,12.936639247165068,
1879-03,3.65,0.185,0.3275,8.277679339,4.186666666666666,148.46623820154718,7.525001114324995,252.99571648984175,13.321285756440195,
1879-04,3.77,0.1867,0.3333,8.18251405,4.17,155.1307990115825,7.6824721950828785,265.4434941084827,13.714879392721604,
1879-05,3.94,0.1883,0.3392,8.18251405,4.153333333333332,162.1260870306724,7.748310199968431,278.51793570711067,13.957657035737078,
1879-06,3.96,0.19,0.345,8.087381157,4.136666666666667,164.8658526309149,7.910230302998443,284.35702651118163,14.363312918602434,
1879-07,4.04,0.1917,0.3508,8.18251405,4.119999999999999,166.24096233601946,7.88821596035023,287.8625709718912,14.434982571157333,
1879-08,4.07,0.1933,0.3567,8.18251405,4.103333333333333,167.47542492762358,7.954053965235781,291.14793319381255,14.677760214172807,
1879-09,4.22,0.195,0.3625,8.467928926,4.086666666666666,167.79487256173502,7.753554537805292,292.82654245905644,14.413659076689324,
1879-10,4.68,0.1967,0.3683,8.94367438,4.069999999999999,176.18677772121663,7.405115208923786,308.5485590051008,13.865297058701728,
1879-11,4.93,0.1983,0.3742,9.419419835,4.053333333333333,176.22446621735062,7.088298509310473,309.64901477095367,13.375901675158744,
1879-12,4.92,0.2,0.38,9.704834711,4.036666666666667,170.6948422441813,6.938814725373224,300.94878780300496,13.183747978209126,
1880-01,5.11,0.205,0.3892,9.990330579,4.02,172.22035486159263,6.909035762549214,304.653488695797,13.117057164800753,
1880-02,5.2,0.21,0.3983,9.990330579,3.993333333333333,175.2535900744191,7.077548829928462,311.06253958323305,13.423750947430985,
1880-03,5.3,0.215,0.4075,10.08541488,3.9666666666666663,176.93980329344666,7.177746737375666,315.11711240694666,13.604333932467831,
1880-04,5.18,0.22,0.4167,9.704834711,3.9399999999999995,179.71530138716648,7.632696197910547,321.19284941046016,14.457020480315114,
1880-05,4.77,0.225,0.4258,9.419419835,3.913333333333333,170.5052137640492,8.042698762455151,305.9301376577868,15.220360591348461,
1880-06,4.79,0.23,0.435,9.229089256,3.8866666666666667,174.75117563214516,8.390975030353525,314.8031139004165,15.869887557407756,
1880-07,5.01,0.235,0.4442,9.229089256,3.8600000000000003,182.77732566117896,8.573387531013385,330.54874633715445,16.205526558621894,
1880-08,5.19,0.24,0.4533,9.229089256,3.8333333333333335,189.34417568493393,8.755800031673244,343.7443050731687,16.53751730982284,
1880-09,5.18,0.245,0.4625,9.324254545,3.8066666666666666,187.05058796740514,8.846987268728622,340.9188545942845,16.700945354232605,
1880-10,5.33,0.25,0.4717,9.324254545,3.7800000000000002,192.4671107849941,9.02753802931492,352.1621565878219,17.03315875371139,
1880-11,5.61,0.255,0.4808,9.419419835,3.7533333333333334,200.53128914388176,9.115058597449172,368.3072353689503,17.186353622170827,
1880-12,5.84,0.26,0.49,9.514585124,3.726666666666667,206.66476093004263,9.20082839757039,380.9805511067353,17.340022749267273,
1881-01,6.19,0.265,0.4858,9.419419835,3.7,221.26357928709953,9.472511875780512,409.3482454168932,17.365080261336498,18.47395230140494
1881-02,6.17,0.27,0.4817,9.514585124,3.693333333333334,218.34273543465122,9.554706412861561,405.4175995172213,17.046303996575606,18.147258164990237
1881-03,6.24,0.275,0.4775,9.514585124,3.686666666666667,220.81988154168937,9.731645420507144,411.52295639811945,16.897675230153315,18.27011914020499
1881-04,6.22,0.28,0.4733,9.609669421,3.68,217.93419349300214,9.810542472353795,407.6687370636912,16.58332054344661,17.950108278222892
1881-05,6.5,0.285,0.4692,9.514585124,3.673333333333334,230.02070993925977,10.085523435798311,431.85000111480235,16.603956477461644,18.869718693152592
1881-06,6.58,0.29,0.465,9.514585124,3.666666666666667,232.8517340615891,10.262462443443896,438.7706742095908,16.455327711039352,19.028710731115783
1881-07,6.35,0.295,0.4608,9.609669421,3.66,222.4890882123093,10.336107247658463,420.8670352529322,16.145349897359388,18.116367187389745
1881-08,6.2,0.3,0.4567,9.8,3.6533333333333333,213.014443877551,10.30715051020408,404.5692899989076,15.690918793367347,17.286243553973446
1881-09,6.25,0.305,0.4525,10.18058017,3.646666666666667,206.70497430992677,10.087202746324426,394.1824986376967,14.965440140038696,16.724836648772904
1881-10,6.15,0.31,0.4483,10.27574545,3.64,201.51399697235593,10.157616107549647,385.89760105251366,14.689223551659698,16.26198941118135
1881-11,6.19,0.315,0.4442,10.18058017,3.6333333333333337,204.7206065565515,10.417930705220307,393.70075207560825,14.690935934155114,16.478642316644866
1881-12,6.01,0.32,0.44,10.18058017,3.626666666666667,198.76750329642556,10.58329468466825,383.9483371076609,14.552030191418844,15.958754206105073
1882-01,5.92,0.32,0.4392,10.18058017,3.62,195.79095166636262,10.58329468466825,379.9022925125164,14.525571954707171,15.67876416002874
1882-02,5.79,0.32,0.4383,10.27574545,3.6208333333333336,189.7180556861692,10.485281143277055,369.81419314126873,14.361558515932291,15.153861528363036
1882-03,5.78,0.32,0.4375,10.27574545,3.621666666666667,189.39039065044182,10.485281143277055,370.8787129833565,14.335345313074098,15.091670299486742
1882-04,5.78,0.32,0.4367,10.37091074,3.6225,187.65251131647483,10.389066370462272,369.17085361127744,14.177829012440231,14.916997168375302
1882-05,5.71,0.32,0.4358,10.46599504,3.6233333333333335,183.69571360889924,10.29468097282798,363.07433848491956,14.020068649870103,14.567103202191758
1882-06,5.68,0.32,0.435,10.56116033,3.6241666666666665,181.0840248838453,10.201916894864524,359.59267874471243,13.868230778956463,14.327404890131668
1882-07,6,0.32,0.4342,10.46599504,3.625,193.0252682405246,10.29468097282798,385.00891676705123,13.968595245005963,15.24055976121782
1882-08,6.18,0.32,0.4333,10.56116033,3.6258333333333335,197.0245200320711,10.201916894864524,394.6815710170056,13.814033095452494,15.525429331463027
1882-09,6.24,0.32,0.4325,10.27574545,3.626666666666667,204.46298229390257,10.485281143277055,411.332728144208,14.171512795210393,16.08110662446231
1882-10,6.07,0.32,0.4317,10.18058017,3.6275,200.75187104980088,10.58329468466825,405.64108553090773,14.27752598553526,15.755581030526553
1882-11,5.81,0.32,0.4308,10.08541488,3.6283333333333334,193.96608625187264,10.683157934698666,393.7285400389155,14.382201369588078,15.192670313165337
1882-12,5.84,0.32,0.43,9.990330579,3.629166666666667,196.82326269896296,10.784836312271944,401.3526051235473,14.492123794615424,15.38212833208197
1883-01,5.81,0.3208,0.4275,9.990330579,3.63,195.81218429468746,10.811798403052624,401.12810423711966,14.4078672609258,15.27025911909857
1883-02,5.68,0.3217,0.425,10.08541488,3.629166666666667,189.6260533409013,10.739912211226752,390.2890225377204,14.188569132021664,14.757590146176222
1883-03,5.75,0.3225,0.4225,9.990330579,3.6283333333333334,193.7900274861365,10.86909284596157,400.72356286616645,14.23935419354655,15.051254121401637
1883-04,5.87,0.3233,0.42,9.895165289,3.6275,199.73698364565035,11.000846135032155,414.91646889067164,14.291232219961353,15.482067222036672
1883-05,5.77,0.3242,0.4175,9.8,3.626666666666667,198.24086147959179,11.138593984693877,413.736749701176,14.344117793367344,15.33549763733706
1883-06,5.82,0.325,0.415,9.514585124,3.6258333333333335,205.9570048994603,11.50103549696299,431.84091597835186,14.685937634583508,15.903388388583787
1883-07,5.73,0.3258,0.4125,9.324254545,3.625,206.91117163189801,11.764687559803203,435.89720444403673,14.89543774836962,15.948783127017021
1883-08,5.47,0.3267,0.41,9.324254545,3.6241666666666665,197.52253208141045,11.797186696708739,418.1893559685636,14.80516236807647,15.196810876629838
1883-09,5.53,0.3275,0.4075,9.229089256,3.6233333333333335,201.74822572980432,11.94801879322078,429.24388194771666,14.866618803778529,15.494692425793447
1883-10,5.38,0.3283,0.405,9.229089256,3.6225,196.27585071000854,11.977204793326358,419.724318640567,14.775412553448598,15.04805627022383
1883-11,5.46,0.3292,0.4025,9.134004959,3.621666666666667,201.2680498042195,12.135062636547445,432.56235124766613,14.837067774029004,15.40821814244886
1883-12,5.34,0.33,0.4,9.229089256,3.6208333333333336,194.81655070472965,12.03922504355071,420.85309421041256,14.593000052788742,14.896403941887154
1884-01,5.18,0.3283,0.3925,9.229089256,3.62,188.97935068361417,11.977204793326358,410.39941334189336,14.319381301798952,14.432821721970717
1884-02,5.32,0.3267,0.385,9.229089256,3.611666666666667,194.08690070209025,11.918832793115204,423.648263128785,14.045762550809162,14.805960228816701
1884-03,5.3,0.325,0.3775,9.229089256,3.6033333333333335,193.35725069945082,11.856812542890852,424.2123311483017,13.772143799819373,14.736023454014465
1884-04,5.06,0.3233,0.37,9.038839669,3.5949999999999998,188.48694383230352,12.043049197822869,415.72901821817896,13.782642137935238,14.353453682579467
1884-05,4.65,0.3217,0.3625,8.848509091,3.586666666666667,176.94010893795215,12.241211407599828,392.5111301327345,13.793718169894118,13.465050313804898
1884-06,4.46,0.32,0.355,8.848509091,3.5783333333333336,169.71029803511107,12.176523625837566,378.724000830581,13.508330897413549,12.906876483666853
1884-07,4.46,0.3183,0.3475,8.753424793,3.57,171.55378043584452,12.243400966979667,385.11475530642974,13.366578184182952,13.04393158599166
1884-08,4.74,0.3167,0.34,8.753424793,3.5616666666666665,182.32397292957467,12.181857009872635,411.57124672711643,13.078090885243755,13.859813341769314
1884-09,4.59,0.315,0.3325,8.658259504,3.5533333333333337,178.49478255832142,12.24964194027696,405.2317003176676,12.930177603625681,13.569154744335714
1884-10,4.44,0.3133,0.325,8.563094215,3.545,174.5804813616663,12.318933515903165,398.6757828385043,12.778976676248098,13.273251319134149
1884-11,4.35,0.3117,0.3175,8.372844628,3.536666666666667,174.92813405398832,12.534505605661646,401.85502921152886,12.76774311773363,13.304437602119723
1884-12,4.34,0.31,0.31,8.277679339,3.5283333333333333,176.53245857389447,12.60946132670675,407.9545083113162,12.60946132670675,13.432292746944754
1885-01,4.24,0.3042,0.3067,8.277679339,3.52,172.4648904039891,12.373542372852237,400.9375027708924,12.475231577099871,13.129817425635956
1885-02,4.37,0.2983,0.3033,8.372844628,3.5075,175.7324013369952,11.99564652604706,410.8575492023996,12.196713346798774,13.38481759359796
1885-03,4.38,0.2925,0.3,8.18251405,3.495,180.2315383741993,12.036010268140021,423.721397148734,12.344625916041046,13.734194093452505
1885-04,4.37,0.2867,0.2967,8.277679339,3.4825,177.7527290248661,11.661717943118791,420.17846593818945,12.068474760109332,13.548548541030053
1885-05,4.32,0.2808,0.2933,8.087381157,3.4699999999999998,179.85365741554355,11.690487732010329,427.44758528601216,12.21089762036549,13.711371872561935
1885-06,4.3,0.275,0.29,7.897091074,3.4575,183.33473192004874,11.72489564604963,438.0430055451145,12.364435408561427,13.978784368698346
1885-07,4.46,0.2692,0.2867,7.992232066,3.445,187.89283176452747,11.340975406056234,451.1917961548408,12.07822306432512,14.32665877708932
1885-08,4.71,0.2633,0.2833,7.992232066,3.4325,198.42494116836872,11.092417624125579,478.70252463750325,11.934986376432878,15.130410796707146
1885-09,4.65,0.2575,0.28,7.897091074,3.42,198.25732637865738,10.978765923119198,480.50535222204144,11.938075566886896,15.116285028724235
1885-10,4.92,0.2517,0.2767,7.897091074,3.4075,209.76904210386974,10.731477214947969,510.5731038054411,11.7973768191343,15.991023962168978
1885-11,5.24,0.2458,0.2733,7.992232066,3.3950000000000005,220.75301310451212,10.355169965856694,539.408194902456,11.51370200027923,16.82403449861901
1885-12,5.2,0.24,0.27,8.18251405,3.3825000000000003,213.97351587804485,9.875700732832838,524.8534813610712,11.110163324436945,16.30447595227852
1886-01,5.2,0.2383,0.275,7.992232066,3.37,219.06787559989755,10.039206683741458,539.4014740758937,11.58532034422535,16.69231747079765
1886-02,5.3,0.2367,0.28,7.992232066,3.3825000000000003,223.28071936143402,9.971801183556874,551.8206743612276,11.795962532302175,17.006648259460995
1886-03,5.19,0.235,0.285,7.897091074,3.3950000000000005,221.28075782908212,10.0194562793515,548.9414519041768,12.151255487724159,16.843266101570133
1886-04,5.12,0.2333,0.29,7.801941983,3.4075,220.95848492033065,10.068284088264285,550.2233795247398,12.5152266849406,16.8017161312463
1886-05,5.02,0.2317,0.295,7.611651901,3.42,222.05892715324262,10.249213828965402,555.0905176538297,13.04927958370649,16.863195515097825
1886-06,5.25,0.23,0.3,7.51650281,3.4325,235.17270693337238,10.302804303747742,590.0178106949211,13.438440396192705,17.831494055376876
1886-07,5.33,0.2283,0.305,7.611651901,3.445,235.77172942764608,10.09881535240743,593.6320652093243,13.491628044171117,17.8458450415322
1886-08,5.37,0.2267,0.31,7.706792893,3.4575,234.6086585695407,9.90424262527279,592.7817519749769,13.543516602710916,17.723912799619264
1886-09,5.51,0.225,0.315,7.706792893,3.4699999999999998,240.72508542237787,9.829971727774051,610.3057935254476,13.761960418883673,18.14714392580002
1886-10,5.65,0.2233,0.32,7.706792893,3.4825,246.8415122752151,9.755700830275314,627.8737762359284,13.98040423505643,18.56238134286656
1886-11,5.79,0.2217,0.325,7.706792893,3.495,252.9579391280523,9.685798809100032,645.4848021985812,14.198848051229188,18.968312634942833
1886-12,5.64,0.22,0.33,7.801941983,3.5075,243.39958104505172,9.494309898920458,623.1132088533424,14.241464848380685,18.19405755688643
1887-01,5.58,0.2225,0.3325,7.992232066,3.52,235.07668189373618,9.373577369418692,603.8059649616146,14.007705507108833,17.512222096304946
1887-02,5.54,0.225,0.335,8.087381157,3.5324999999999998,230.64566251900723,9.367377990392892,594.4297221997,13.946985007918308,17.12536659697231
1887-03,5.67,0.2275,0.3375,8.087381157,3.5450000000000004,236.05792535790087,9.471459968063924,610.412621243502,14.051066985589339,17.473213711513747
1887-04,5.8,0.23,0.34,8.087381157,3.5575,241.47018819679454,9.575541945734956,626.4713894978504,14.155148963260372,17.822983639100702
1887-05,5.9,0.2325,0.3425,8.087381157,3.5700000000000003,245.63346730363585,9.67962392340599,639.36535882911,14.259230940931403,18.075445427458238
1887-06,5.73,0.235,0.345,7.992232066,3.5825,241.39594753604095,9.900182839610753,630.4828673352022,14.534310977300892,17.70769566327298
1887-07,5.59,0.2375,0.3475,7.897091074,3.5949999999999998,238.3351514960634,10.126046239770135,624.6925689110623,14.816004498189985,17.43146053561307
1887-08,5.45,0.24,0.35,7.992232066,3.6075,229.59998500373877,10.110825027687579,604.0055358542767,14.744953165377717,16.7398496148207
1887-09,5.38,0.2425,0.3525,7.897091074,3.62,229.3815948208982,10.339226160607401,605.6976248456432,15.029184419027253,16.676629667380137
1887-10,5.2,0.245,0.355,7.992232066,3.6325,219.06787559989755,10.321467215764402,580.7347623057638,14.955595353454541,15.880666812517308
1887-11,5.3,0.2475,0.3575,8.087381157,3.6450000000000005,220.65379266258813,10.304115789432181,587.2152211621627,14.883722806957595,15.950712201066771
1887-12,5.27,0.25,0.36,8.277679339,3.6574999999999998,214.36084255401474,10.168920424763508,572.7232698576706,14.64324541165945,15.455513454469942
1888-01,5.31,0.2483,0.3517,8.372844628,3.67,213.53296363831677,9.984978318529954,572.7344982751235,14.143040171675333,15.358662514259896
1888-02,5.28,0.2467,0.3433,8.277679339,3.6516666666666664,214.76759937100528,10.034690675156629,578.2889237721067,13.963961527285248,15.418178318820528
1888-03,5.08,0.245,0.335,8.277679339,3.6333333333333337,206.63246303119448,9.965542016268236,558.620163817421,13.626353369183102,14.808972366946561
1888-04,5.1,0.2433,0.3267,8.18251405,3.615,209.8586405726978,10.01149161790929,569.5974301712595,13.443297622568702,15.020108681844453
1888-05,5.17,0.2417,0.3183,8.087381157,3.5966666666666667,215.24152982369446,10.062645601235387,586.483644454324,13.251717397075812,15.387916957229123
1888-06,5.01,0.24,0.31,7.992232066,3.578333333333333,211.0634724529782,10.110825027687579,577.3952054223084,13.059815660763123,15.077628818434688
1888-07,5.14,0.2383,0.3017,8.087381157,3.5600000000000005,213.99254609164205,9.921094111602784,587.6698354398659,12.56061306534016,15.279642515498166
1888-08,5.25,0.2367,0.2933,8.087381157,3.541666666666667,218.5721531091675,9.854481645893323,602.5016388255541,12.21089762036549,15.6029116700888
1888-09,5.38,0.235,0.285,8.087381157,3.5233333333333334,223.98441594806113,9.78370590107702,619.668153773044,11.865345454497662,15.987828821761417
1888-10,5.35,0.2333,0.2767,8.18251405,3.505,220.14582883606536,9.600004087374588,611.2616963562136,11.385859969895193,15.715941874329705
1888-11,5.24,0.2317,0.2683,8.277679339,3.486666666666667,213.14057210304313,9.424555449670818,593.9914502886775,10.913285399856195,15.223749016946277
1888-12,5.14,0.23,0.26,8.277679339,3.4683333333333333,209.0730039331377,9.355406790782427,584.8284142393769,10.575677241754047,14.946748301089219
1889-01,5.24,0.2292,0.2633,7.992232066,3.45,220.75301310451212,9.655837901441636,619.751073479507,11.092417624125579,15.802286071028156
1889-02,5.3,0.2283,0.2667,7.897091074,3.4475000000000002,225.97071608750196,9.733795185429564,636.676721772408,11.371016977459767,16.19272044784899
1889-03,5.19,0.2275,0.27,7.801941983,3.445,223.9794017063508,9.817979554565472,633.3713513301398,11.652107603220562,16.06504536076929
1889-04,5.18,0.2267,0.2733,7.801941983,3.4425,223.54784216549075,9.783454791296672,634.4564624924217,11.794522251704366,16.05010453396748
1889-05,5.32,0.2258,0.2767,7.611651901,3.4400000000000004,235.32938096718146,9.988228237291274,670.2562478216545,12.239781901056222,16.915421076068373
1889-06,5.41,0.225,0.28,7.611651901,3.4375,239.31051711136308,9.952840360454102,683.9574446168808,12.385756893009551,17.21930294394768
1889-07,5.3,0.2242,0.2833,7.611651901,3.4350000000000005,234.4446840462522,9.917452483616932,672.4127655070351,12.531731884962875,16.889214491107513
1889-08,5.37,0.2233,0.2867,7.611651901,3.4325,237.5411232695046,9.877641122175117,683.6545342737588,12.682130361520851,17.131853975345724
1889-09,5.5,0.2225,0.29,7.706792893,3.4299999999999997,240.2881977900324,9.720749819687672,693.8921420166724,12.669741338019888,17.350788026348596
1889-10,5.4,0.2217,0.2933,7.706792893,3.4275,235.91932146657726,9.685798809100032,683.6067680388708,12.81391425669391,17.053214402955486
1889-11,5.35,0.2208,0.2967,7.706792893,3.4250000000000003,233.7348833048497,9.646478922188937,679.606402507384,12.962456051691385,16.906021170249367
1889-12,5.32,0.22,0.3,7.801941983,3.4225,229.58967573753105,9.494309898920458,669.8542846918863,12.946786225800622,16.610338076603387
1890-01,5.38,0.22,0.2992,7.611651901,3.42,237.98347172996918,9.73166613022179,696.7102544929404,13.235065937101634,17.2200719821819
1890-02,5.32,0.22,0.2983,7.611651901,3.4366666666666665,235.32938096718146,9.73166613022179,691.3144191886272,13.195254575659817,17.02681498267141
1890-03,5.28,0.22,0.2975,7.611651901,3.4533333333333336,233.55998712532295,9.73166613022179,688.4989156017061,13.159866698822647,16.9011222885899
1890-04,5.39,0.22,0.2967,7.611651901,3.4699999999999998,238.4258201904338,9.73166613022179,705.233264244803,13.124478821985477,17.257854542603194
1890-05,5.62,0.22,0.2958,7.706792893,3.4866666666666664,245.53084937817854,9.611527911601296,728.6181770972131,12.923136164780288,17.78643048785862
1890-06,5.58,0.22,0.295,7.706792893,3.5033333333333334,243.78329884879648,9.611527911601296,725.809150910302,12.888185154192646,17.68436084445016
1890-07,5.54,0.22,0.2942,7.706792893,3.5199999999999996,242.03574831941444,9.611527911601296,722.9908955453577,12.853234143605006,17.58929544086486
1890-08,5.41,0.22,0.2933,7.992232066,3.536666666666667,227.91484749912416,9.268256275380281,683.1171273592253,12.356270752586529,16.5967911339791
1890-09,5.32,0.22,0.2925,8.087381157,3.5533333333333337,221.4864484839564,9.159214035050828,666.1373290726416,12.177591387510759,16.1697020006153
1890-10,5.08,0.22,0.2917,8.087381157,3.57,211.4945786275373,9.159214035050828,638.3816070279481,12.14428515465603,15.482849163344433
1890-11,4.71,0.22,0.2908,7.897091074,3.586666666666667,200.81548542870456,9.379916516839703,608.5068956418534,12.39854419589539,14.745043493292803
1890-12,4.6,0.22,0.29,7.897091074,3.6033333333333335,196.1255271702847,9.379916516839703,596.664050892985,12.364435408561427,14.44299123133844
1891-01,4.84,0.22,0.2942,7.801941983,3.62,208.87481777625004,9.494309898920458,637.857666087262,12.69648169210181,15.428980086469094
1891-02,4.9,0.22,0.2983,7.897091074,3.618333333333333,208.9163224205207,9.379916516839703,640.3714286329019,12.718314077151287,15.476522332432538
1891-03,4.81,0.22,0.3025,7.992232066,3.616666666666667,202.63778492990517,9.268256275380281,623.4938476677669,12.743852378647885,15.051623357657384
1891-04,4.97,0.22,0.3067,8.087381157,3.6149999999999998,206.9149716100119,9.159214035050828,639.0027636455414,12.76877702068222,15.40894512547413
1891-05,4.95,0.22,0.3108,7.992232066,3.6133333333333333,208.53576619605633,9.268256275380281,646.3933791677714,13.093518410855415,15.56649523071326
1891-06,4.85,0.22,0.315,7.801941983,3.611666666666667,209.30637731711005,9.494309898920458,651.2344648634285,13.594125537090653,15.65821139563815
1891-07,4.77,0.22,0.3192,7.706792893,3.61,208.39540062880988,9.611527911601296,650.8921617253653,13.945453224468787,15.61791923864599
1891-08,4.93,0.22,0.3233,7.706792893,3.6083333333333334,215.3856027463381,9.611527911601296,675.2267044593326,14.124577153730447,16.163998509963037
1891-09,5.33,0.22,0.3275,7.611651901,3.6066666666666665,235.77172942764608,9.73166613022179,741.6789047180495,14.486912080216527,17.71126141325653
1891-10,5.33,0.22,0.3317,7.611651901,3.6049999999999995,235.77172942764608,9.73166613022179,744.2300204003193,14.67269843361167,17.716568589826366
1891-11,5.25,0.22,0.3358,7.51650281,3.6033333333333335,235.17270693337238,9.854856290541319,744.9314593250816,15.042094283471702,17.671739174764003
1891-12,5.41,0.22,0.34,7.51650281,3.601666666666667,242.33987514467515,9.854856290541319,770.235480324378,15.230232449018402,18.20630300020993
1892-01,5.51,0.2217,0.3425,7.326212727,3.6,253.23020865375426,10.188954130406048,807.5471791141315,15.740716236644435,19.01638840422527
1892-02,5.52,0.2233,0.345,7.326212727,3.6125000000000003,253.6897916095687,10.262487403336356,811.7400246463438,15.855611975598043,19.036425040978436
1892-03,5.58,0.225,0.3475,7.135922645,3.625,263.2858410140459,10.61636455701798,845.275632557029,16.396385260283324,19.738054849323017
1892-04,5.57,0.2267,0.35,7.040773554,3.6374999999999997,266.3656739016322,10.84113074928187,858.0638363721968,16.73751990405229,19.943265241638645
1892-05,5.57,0.2283,0.3525,7.040773554,3.65,266.3656739016322,10.917645125986107,860.9946558492131,16.857073617652667,19.91146521348981
1892-06,5.54,0.23,0.355,7.040773554,3.6625,264.9310293384277,10.998941651234363,859.3200701930134,16.976627331253038,19.769284397136747
1892-07,5.54,0.2317,0.3575,7.231071736,3.675,257.95891025578953,10.788642510156395,839.6217090034653,16.64626541813082,19.211886434505562
1892-08,5.62,0.2333,0.36,7.326212727,3.6875,258.28562116771303,10.722070359150793,843.5933512046225,16.544986409319698,19.204303803173826
1892-09,5.48,0.235,0.3625,7.326212727,3.7,251.85145978631095,10.800199461639247,825.5181377928392,16.659882148273308,18.6942718095882
1892-10,5.59,0.2367,0.365,7.326212727,3.7125,256.90687230026975,10.8783285641277,845.0601707171413,16.774777887226914,19.04021491532471
1892-11,5.57,0.2383,0.3675,7.51650281,3.725,249.5070433559779,10.674601154709073,823.6454950196662,16.462089485336065,18.4633126908
1892-12,5.51,0.24,0.37,7.611651901,3.7375,243.73400171600935,10.616363051151042,807.5086234837572,16.36689303719119,18.01300925127574
1893-01,5.61,0.2408,0.3608,7.897091074,3.75,239.18787117941244,10.26674498752273,795.2814995231067,15.383063087617113,17.65664370809878
1893-02,5.51,0.2417,0.3517,7.992232066,3.7458333333333336,232.12769126066064,10.182443371633697,774.6282585698245,14.81657150932384,17.125193854872453
1893-03,5.31,0.2425,0.3425,7.801941983,3.7416666666666667,229.15811619667102,10.465318865855505,767.6288533100851,14.78091427445571,16.899589031582327
1893-04,5.31,0.2433,0.3333,7.706792893,3.7375000000000003,231.98733277546762,10.629476094966341,780.0733001298183,14.561464786075963,17.10254157825492
1893-05,4.84,0.2442,0.3242,7.611651901,3.7333333333333334,214.09665486487935,10.802149404546187,722.9415839013357,14.3409370882632,15.780987310776252
1893-06,4.61,0.245,0.315,7.421361818,3.729166666666667,209.15139169407897,11.115421033633263,709.3706741455263,14.291255614671337,15.41650386359769
1893-07,4.18,0.2458,0.3058,7.231071736,3.7250000000000005,194.6332571966065,11.445180530843514,663.3649276598668,14.238959342278056,14.349854182760948
1893-08,4.08,0.2467,0.2967,6.945632562,3.7208333333333337,197.78429217747612,11.959162960829254,677.5012246685751,14.382990070847343,14.588056535807812
1893-09,4.37,0.2475,0.2875,7.231071736,3.716666666666667,203.48022343281593,11.524337597167492,700.3020569343921,13.386856804790519,15.012069079138762
1893-10,4.5,0.2483,0.2783,7.326212727,3.7125000000000004,206.8123301164962,11.411444792872446,715.0427328044641,12.790193660315754,15.271794153520185
1893-11,4.57,0.2492,0.2692,7.135922645,3.7083333333333335,215.6301601136541,11.75821354492836,748.9176989801526,12.701890394441067,15.942411400571675
1893-12,4.41,0.25,0.26,7.040773554,3.704166666666667,210.89275079105886,11.95537136003735,735.92416758635,12.433586214438845,15.612694335464935
1894-01,4.32,0.2467,0.2517,6.850483471,3.7,212.32736144207828,12.125268534203867,744.4563298116776,12.371017795132198,15.739869351948226
1894-02,4.38,0.2433,0.2433,6.755342479,3.6800000000000006,218.30826484141602,12.126575533314274,768.9695634547909,12.126575533314274,16.202736596449924
1894-03,4.51,0.24,0.235,6.565052397,3.66,231.30327614657114,12.308821790504897,818.3562748931068,12.05238800320271,17.18762208812193
1894-04,4.57,0.2367,0.2267,6.565052397,3.64,234.38048159419742,12.139575490885454,832.8226726793273,11.626707916281084,17.434849078052455
1894-05,4.4,0.2333,0.2183,6.565052397,3.62,225.6617328259231,11.965200515519967,805.3853874362612,11.19589915361341,16.808751920918006
1894-06,4.34,0.23,0.21,6.565052397,3.6000000000000005,222.58452737829685,11.795954215900526,797.9111669846747,10.770219066691784,16.606319695292527
1894-07,4.25,0.2267,0.2017,6.565052397,3.58,217.96871920685754,11.626707916281084,784.8378643965791,10.344538979770157,16.28967971491695
1894-08,4.41,0.2233,0.1933,6.755342479,3.5599999999999996,219.80352692937092,11.129734141344338,794.783999390799,9.634472053389432,16.457777072998365
1894-09,4.48,0.22,0.185,6.850483471,3.54,220.1913377917849,10.812967480846579,799.444481159175,9.092722654348258,16.522315444877215
1894-10,4.34,0.2167,0.1767,6.660193388,3.5200000000000005,219.40490311180136,10.955078918047779,799.9037207677072,8.932913912409056,16.502904205708425
1894-11,4.34,0.2133,0.1683,6.660193388,3.5,219.40490311180136,10.783194892568485,803.1798241402063,8.508259261224923,16.542784447444554
1894-12,4.3,0.21,0.16,6.565052397,3.4800000000000004,220.53305707987937,10.770219066691784,810.5952421061226,8.205881193669931,16.672466333767726
1895-01,4.25,0.2083,0.1675,6.565052397,3.46,217.96871920685754,10.683031579009041,804.4419445027705,8.59053187462321,16.524443935162715
1895-02,4.19,0.2067,0.175,6.565052397,3.4716666666666667,214.89151375923134,10.60097276707234,796.3454729319221,8.975182555576486,16.331237693211406
1895-03,4.19,0.205,0.1825,6.565052397,3.4833333333333334,214.89151375923134,10.513785279389598,799.5923070996039,9.359833236529765,16.3646254271748
1895-04,4.37,0.2033,0.19,6.850483471,3.495,214.78485405136158,9.992164949345952,802.29376589627,9.33847191527659,16.387543823686297
1895-05,4.61,0.2017,0.1975,6.945632562,3.506666666666667,223.47685954366787,9.777718561812973,837.8049230518182,9.574117084571455,17.08036955338239
1895-06,4.7,0.2,0.205,7.040773554,3.518333333333333,224.7609815687022,9.564297088029882,845.6070508579074,9.803404515230628,17.207413539783385
1895-07,4.72,0.1983,0.2125,6.945632562,3.53,228.80927918570765,9.612898318331743,863.8516034935752,10.30126521757688,17.546014648740552
1895-08,4.79,0.1967,0.22,6.850483471,3.541666666666667,235.4277919693414,9.667775924920555,891.8809439772978,10.812967480846579,18.07407254724179
1895-09,4.82,0.195,0.2275,6.850483471,3.5533333333333332,236.9022875349114,9.584221176204922,900.4925292923186,11.181591372239074,18.200335946605463
1895-10,4.75,0.1933,0.235,6.850483471,3.5649999999999995,233.46179788191475,9.500666427489287,890.4242630631805,11.550215263631571,17.94470662246647
1895-11,4.59,0.1917,0.2425,6.850483471,3.5766666666666667,225.59782153220814,9.422026663992224,863.425662118407,11.91883915502407,17.34299899192169
1895-12,4.32,0.19,0.25,6.755342479,3.588333333333334,215.31774066550625,9.469993223714393,827.1012893510365,12.460517399624202,16.54841515666796
1896-01,4.27,0.1892,0.2467,6.660193388,3.6,215.86611435193356,9.564840476671156,832.2695501604262,12.47170267227682,16.576224828568186
1896-02,4.45,0.1883,0.2433,6.565052397,3.5833333333333335,228.22607069894494,9.6572964298003,883.0260332770077,12.478068090124339,17.51540335263727
1896-03,4.38,0.1875,0.24,6.565052397,3.5666666666666664,224.63599767671437,9.61626702383195,872.2362488816287,12.308821790504897,17.232362712298606
1896-04,4.42,0.1867,0.2367,6.469903306,3.55,230.02122823379332,9.716055047793938,896.2903540729386,12.318105140936398,17.64369937813
1896-05,4.4,0.1858,0.2333,6.374754215,3.533333333333333,232.39815215369836,9.813540152308443,908.7387519240748,12.322383840331323,17.828266894232822
1896-06,4.32,0.185,0.23,6.279613223,3.5166666666666666,231.62972437100368,9.91932847422122,908.9662626714107,12.332138103085843,17.777578616430464
1896-07,4.04,0.1842,0.2267,6.279613223,3.5,216.61668668029046,9.876434080819184,853.2815586399317,12.155198730302438,16.637100103394587
1896-08,3.81,0.1833,0.2233,6.279613223,3.4833333333333334,204.28454857720462,9.82817788824189,807.9298550065259,11.972897558343778,15.703370546226873
1896-09,4.01,0.1825,0.22,6.279613223,3.466666666666667,215.00814692771402,9.785283494839854,853.5658753598581,11.795958185560371,16.544339943032018
1896-10,4.1,0.1817,0.2167,6.469903306,3.4499999999999997,213.36810763768156,9.455850038479694,850.1832950266653,11.277285103679416,16.438866804725887
1896-11,4.38,0.1808,0.2133,6.660193388,3.4333333333333336,221.4270681174401,9.140185825487023,885.3298926135958,10.783194892568485,17.089425242371117
1896-12,4.22,0.18,0.21,6.660193388,3.4166666666666665,213.33840809488515,9.09974252537425,856.0210263056113,10.616366279603291,16.501404180590093
1897-01,4.22,0.18,0.2183,6.469903306,3.4,219.61302786122346,9.36738033531285,884.3301778707687,11.360550706659973,17.02652128238056
1897-02,4.18,0.18,0.2267,6.469903306,3.3958333333333335,217.53138778670953,9.36738033531285,879.0912550160841,11.797695122307907,16.8940258832541
1897-03,4.19,0.18,0.235,6.469903306,3.3916666666666666,218.05179780533803,9.36738033531285,884.3489778331659,12.229635437769554,16.95803071672104
1897-04,4.06,0.18,0.2433,6.374754215,3.3874999999999997,214.4401131236398,9.507197133560387,872.9143110429022,12.850561458862456,16.696857434734664
1897-05,4.08,0.18,0.2517,6.279613223,3.3833333333333333,218.76140635039235,9.651238515458486,893.7787720787816,13.495648524116115,17.04775512922939
1897-06,4.27,0.18,0.26,6.279613223,3.3791666666666664,228.94882478337627,9.651238515458486,938.6867741072496,13.940677855662257,17.850497280690615
1897-07,4.46,0.18,0.2683,6.279613223,3.375,239.13624321636024,9.651238515458486,983.7525325831247,14.385707187208396,18.651975755820292
1897-08,4.75,0.18,0.2767,6.565052397,3.3708333333333336,243.61209793707604,9.231616342878672,1005.3299208981407,14.191045789302937,19.006396010519445
1897-09,4.98,0.18,0.285,6.755342479,3.3666666666666667,248.2135066005141,8.971572527729425,1027.4041516587413,14.204989835571588,19.372370293397804
1897-10,4.82,0.18,0.2933,6.660193388,3.3625000000000003,243.67088317946605,9.09974252537425,1011.7401475331924,14.82752490384593,19.02803122390243
1897-11,4.65,0.18,0.3017,6.660193388,3.3583333333333334,235.07668190550146,9.09974252537425,979.204935319988,15.252179555030065,18.35844809805023
1897-12,4.75,0.18,0.31,6.660193388,3.3541666666666665,240.13209441959825,9.09974252537425,1003.4218315698371,15.671778793700097,18.74875766252551
1898-01,4.88,0.1817,0.3133,6.660193388,3.35,246.7041306879241,9.185684538113895,1034.0825298864193,15.838607406665291,19.24900002181376
1898-02,4.87,0.1833,0.3167,6.755342479,3.3291666666666666,242.73087894467946,9.136051357404464,1020.6195032228658,15.784983441843938,18.918131888002147
1898-03,4.65,0.185,0.32,6.755342479,3.308333333333333,231.76562363301016,9.220782875721909,977.7444025997971,15.949462271518978,18.042174923468686
1898-04,4.57,0.1867,0.3233,6.755342479,3.2875,227.77825806513044,9.305514394039355,964.1944071422628,16.113941101194015,17.705089426411785
1898-05,4.87,0.1883,0.3267,7.231071736,3.2666666666666666,226.76171352810377,8.767809169885409,962.9842074542889,15.21212562826109,17.59563527451282
1898-06,5.06,0.19,0.33,6.755342479,3.2458333333333336,252.20087216839386,9.469993223714393,1074.367483413062,16.447882967503947,19.544817480548
1898-07,5.08,0.1917,0.3333,6.660193388,3.225,256.8149557161177,9.691225789523576,1097.4636875137876,16.849689909484653,19.858943014167313
1898-08,5.27,0.1933,0.3367,6.660193388,3.2041666666666666,266.4202394929016,9.772112389749124,1141.9905401766457,17.021573934963943,20.544915179153286
1898-09,5.26,0.195,0.34,6.660193388,3.1833333333333336,265.914698241492,9.85805440248877,1143.344893284066,17.18840254792914,20.442732862691315
1898-10,5.15,0.1967,0.3433,6.660193388,3.1625,260.3537444759855,9.943996415228417,1122.997629047279,17.35523116089433,19.94719982577367
1898-11,5.32,0.1983,0.3467,6.660193388,3.1416666666666666,268.94794574995007,10.024883015453964,1163.6708587090352,17.527115186373624,20.527416324811302
1898-12,5.65,0.2,0.35,6.755342479,3.1208333333333336,281.60769323150697,9.968413919699364,1222.040674144089,17.444724359473884,21.40363198544819
1899-01,6.08,0.2008,0.3608,6.755342479,3.1,303.0397831588606,10.00828757537816,1318.6647987156468,17.98301871113765,22.932807416487194
1899-02,6.31,0.2017,0.3717,6.945632562,3.104166666666667,305.8869812842829,9.777718561812973,1334.5998716596273,18.018730735874474,23.048117549980216
1899-03,6.4,0.2025,0.3825,6.945632562,3.1083333333333334,310.2498700823155,9.816499795573263,1357.2045247949081,18.542277391638383,23.279682245508745
1899-04,6.48,0.2033,0.3933,7.040773554,3.1125000000000003,309.8832256521681,9.722107989982375,1359.144775728129,18.80819022361076,23.1524215256865
1899-05,6.21,0.2042,0.4042,7.040773554,3.116666666666667,296.9714245833278,9.765147326878507,1306.0828967395046,19.329444414908387,22.091269360834197
1899-06,6.07,0.205,0.415,7.135922645,3.1208333333333336,286.4059238271073,9.67268770750527,1263.1607799531862,19.58129462738872,21.21209192504684
1899-07,6.28,0.2058,0.4258,7.231071736,3.125,292.41551559681557,9.582661323220485,1293.1873380914826,19.826516965147146,21.561425634523133
1899-08,6.44,0.2067,0.4367,7.326212727,3.129166666666667,295.9714235444969,9.499579696684393,1312.4140304130724,20.06998768041642,21.726237373055465
1899-09,6.37,0.2075,0.4475,7.611651901,3.1333333333333337,281.77596931596725,9.178730554641007,1252.859445075936,19.795093605792047,20.591140514113786
1899-10,6.34,0.2083,0.4583,7.706792893,3.1374999999999997,276.9867589070555,9.100369381757044,1234.9371081816555,20.02256019039488,20.153713460686614
1899-11,6.46,0.2092,0.4692,7.801941983,3.1416666666666666,278.7874633955734,9.028225594791634,1246.3198341051534,20.248773657152174,20.1964575208023
1899-12,6.02,0.21,0.48,7.897091074,3.145833333333333,256.66862468806823,8.95355667516517,1150.7731018683558,20.465272400377536,18.5126496436002
1900-01,6.1,0.2175,0.48,7.897091074,3.15,260.07950342146444,9.27332655642107,1169.5305122704872,20.465272400377536,18.67427536244478
1900-02,6.21,0.225,0.48,7.992232066,3.145833333333333,261.6175975914161,9.478898463457105,1179.9991181185571,20.221650055375157,18.703797417251437
1900-03,6.26,0.2325,0.48,7.992232066,3.1416666666666666,263.7240194721843,9.794861745572343,1193.181475416379,20.221650055375157,18.775793421238372
1900-04,6.34,0.24,0.48,7.992232066,3.1374999999999997,267.0942944814135,10.110825027687579,1212.2418823719122,20.221650055375157,18.936402033322725
1900-05,6.04,0.2475,0.48,7.801941983,3.1333333333333337,260.66196267945253,10.681098636285514,1187.0877106402636,20.714857961280998,18.403197016950408
1900-06,5.86,0.255,0.48,7.706792893,3.129166666666667,256.01615255447086,11.140634624810593,1170.158089651514,20.970606352584646,17.992711584303972
1900-07,5.86,0.2625,0.48,7.801941983,3.125,252.89389094397217,11.328437947575544,1160.2022032208645,20.714857961280998,17.689545468952797
1900-08,5.94,0.27,0.48,7.706792893,3.1208333333333336,259.511253613235,11.795966073328863,1195.0704011084918,20.970606352584646,18.069614666784187
1900-09,5.8,0.2775,0.48,7.801941983,3.116666666666667,250.30453369881204,11.975777258865577,1157.2684936892915,20.714857961280998,17.34187415122471
1900-10,6.01,0.285,0.48,7.706792893,3.1125000000000003,262.56946703965355,12.451297521847131,1218.7720226067693,20.970606352584646,18.102398784556048
1900-11,6.48,0.2925,0.48,7.706792893,3.1083333333333334,283.1031857598927,12.778963246106267,1319.026667977189,20.970606352584646,19.419584603760754
1900-12,6.87,0.3,0.48,7.611651901,3.104166666666667,303.89339233919856,13.270453813938802,1421.0442781749177,21.232726102302085,20.744051160870846
1901-01,7.07,0.3017,0.4817,7.706792893,3.1,308.879556068278,13.180899867864142,1449.4965134546376,21.04487725008338,20.97858183453619
1901-02,7.25,0.3033,0.4833,7.611651901,3.106666666666667,320.70263383685443,13.416428805892131,1510.2260066613817,21.378701094255412,21.679149848206187
1901-03,7.51,0.305,0.485,7.611651901,3.1133333333333333,332.2036938089347,13.491628044171117,1569.680306348913,21.4539003325344,22.347583950683845
1901-04,8.14,0.3067,0.4867,7.51650281,3.12,364.6296827500288,13.738565565041009,1728.30446843336,21.801629802756636,24.409716994827207
1901-05,7.73,0.3083,0.4883,7.51650281,3.126666666666667,346.2638142085654,13.810237247154038,1646.7071945075395,21.873301484869664,23.064012684863552
1901-06,8.5,0.31,0.49,7.51650281,3.1333333333333333,380.75581122546,13.88638840939913,1816.2420555203357,21.94945264711475,25.23846620596033
1901-07,7.93,0.3117,0.4917,7.611651901,3.14,350.78232914844904,13.788001512682417,1678.7464880084065,21.750273801045697,23.144848553708094
1901-08,8.04,0.3133,0.4933,7.706792893,3.146666666666667,351.2576564057927,13.687689521384936,1686.4800608385635,21.55166690360418,23.077177713844364
1901-09,8,0.315,0.495,7.801941983,3.1533333333333333,345.2476326880166,13.594125537090653,1663.0634418886532,21.362197272571027,22.590468316860225
1901-10,7.91,0.3167,0.4967,7.801941983,3.16,341.3635968202764,13.667490659036856,1649.8403551678864,21.43556239451723,22.252901618408917
1901-11,8.08,0.3183,0.4983,7.897091074,3.1666666666666665,344.4987520730218,13.571033760500354,1670.458670412613,21.24551091064193,22.375074777652788
1901-12,7.95,0.32,0.5,7.992232066,3.173333333333334,334.92107904215106,13.481100036916772,1629.4644089389044,21.064218807682455,21.680215141029677
1902-01,8.12,0.3208,0.5108,7.897091074,3.18,346.2041914397199,13.677623720918985,1689.9046084215097,21.778460712735093,22.340290796033557
1902-02,8.19,0.3217,0.5217,7.897091074,3.1900000000000004,349.18871033144165,13.715996106669692,1710.0520035734316,22.243192940160334,22.459957452460387
1902-03,8.2,0.3225,0.5325,7.897091074,3.1999999999999997,349.6150701731162,13.750104894003657,1717.7514135406807,22.703661569168826,22.41065228821733
1902-04,8.48,0.3233,0.5433,7.992232066,3.21,357.24915097829444,13.620123881047473,1760.836280203205,22.888380156427754,22.82310869849784
1902-05,8.46,0.3242,0.5542,8.087381157,3.2199999999999998,352.21341243877276,13.497350864379447,1741.5596520896609,23.072892810114407,22.42795449332979
1902-06,8.41,0.325,0.565,8.18251405,3.2300000000000004,346.06101317968404,13.373344742377803,1716.6489108498843,23.24904547521064,21.963742295514617
1902-07,8.6,0.3258,0.5758,8.18251405,3.2399999999999998,353.8792762598434,13.406263744820576,1760.9735613838977,23.693452008188117,22.385686589401363
1902-08,8.83,0.3267,0.5867,8.087381157,3.25,367.6175451340855,13.60143284205048,1834.9782017408063,24.42595851983782,23.168671834092855
1902-09,8.85,0.3275,0.5975,8.18251405,3.26,364.1664645232109,13.476216625011476,1823.3575810598454,24.58637994944842,22.85656638195449
1902-10,8.57,0.3283,0.6083,8.753424793,3.27,329.64482025452634,12.6280506988986,1655.7789595544218,23.398243192628748,20.6044254018598
1902-11,8.24,0.3292,0.6192,8.467928926,3.2800000000000002,327.6373814949518,13.089590532541035,1651.1747541045115,24.620517793892493,20.40854125507217
1902-12,8.05,0.33,0.63,8.563094215,3.29,316.5254222886067,12.975576317421144,1600.623823586007,24.771554787804,19.63323212682383
1903-01,8.46,0.3317,0.6217,8.658259504,3.3,328.990383538867,12.899067401872596,1669.093079533919,24.176515537365674,20.318132053828492
1903-02,8.41,0.3333,0.6133,8.658259504,3.308333333333333,327.0459959292992,12.961287805378765,1664.708257584434,23.849858418958284,20.107051517552804
1903-03,8.08,0.335,0.605,8.372844628,3.3166666666666664,324.92398233476456,13.47147699036462,1659.621225000049,24.329085310956998,19.884560384872835
1903-04,7.75,0.3367,0.5967,8.372844628,3.325,311.6535721651516,13.5398397094202,1597.6028093178843,23.995314388509158,18.98002260182626
1903-05,7.6,0.3383,0.5883,8.18251405,3.333333333333333,312.7305232063732,13.920623157988954,1609.0701645809086,24.207811421356496,18.954858723039873
1903-06,7.18,0.34,0.58,8.18251405,3.341666666666667,295.44804692391574,13.990576038179857,1526.1465925027258,23.86627677101269,17.818551722968515
1903-07,6.85,0.3417,0.5717,8.18251405,3.3499999999999996,281.8689584162706,14.060528918370755,1462.0558750508615,23.52474212066889,16.918178414766658
1903-08,6.63,0.3433,0.5633,8.18251405,3.3583333333333334,272.81623274450715,14.126366923256306,1421.20546473177,23.179092595019743,16.299118790903492
1903-09,6.47,0.345,0.555,8.277679339,3.3666666666666663,263.17166059287956,14.033110186173639,1377.0551437675774,22.575003342974988,15.654359115196913
1903-10,6.26,0.3467,0.5467,8.18251405,3.3749999999999996,257.5911941147232,14.266272683638105,1354.0758848827327,22.496023294332133,15.252943825778836
1903-11,6.28,0.3483,0.5383,8.087381157,3.3833333333333333,261.45392790963274,14.500701129128197,1380.7331968601266,22.41093143212664,15.407877534297892
1903-12,6.57,0.35,0.53,8.087381157,3.3916666666666666,273.5274373194725,14.571476873944498,1450.9058102355816,22.065379266258812,16.042894140050137
1904-01,6.68,0.3467,0.5267,8.277679339,3.4,271.7135537496809,14.102258845062032,1447.5178986671092,21.423881550891757,15.861833914033634
1904-02,6.5,0.3433,0.5233,8.467928926,3.4066666666666667,258.4518179268431,13.650232168351572,1382.9277443911353,20.807359434017997,15.021498380331431
1904-03,6.48,0.34,0.52,8.372844628,3.4133333333333336,260.5825996942171,13.67254381111633,1400.425766294612,20.910949358177916,15.08193017625886
1904-04,6.64,0.3367,0.5167,8.277679339,3.42,270.08652648171875,13.695502028071493,1457.6354129295994,21.01712473390122,15.565490611691482
1904-05,6.5,0.3333,0.5133,8.087381157,3.4266666666666667,270.61314194468355,13.876209263102004,1466.7182472890042,21.370111655416316,15.525820896254638
1904-06,6.51,0.33,0.51,8.087381157,3.4333333333333336,271.02946985536767,13.738821052576242,1475.1800833310563,21.232723444890556,15.474433638652656
1904-07,6.78,0.3267,0.5067,8.087381157,3.44,282.2703234438392,13.60143284205048,1542.5319113292244,21.095335234364796,16.03640162962411
1904-08,7.01,0.3233,0.5033,8.18251405,3.4466666666666663,288.45275890482577,13.303391862186901,1582.375559753845,20.710167411811533,16.304651978851027
1904-09,7.32,0.32,0.5,8.277679339,3.453333333333333,297.7459900370755,13.01621814369729,1639.3060625731464,20.337840849527016,16.742600049163684
1904-10,7.75,0.3167,0.4967,8.277679339,3.46,315.2365331676687,12.88198839409041,1741.5144814357866,20.20361109992014,17.633197370821396
1904-11,8.17,0.3133,0.4933,8.467928926,3.466666666666667,324.8540542249704,12.457377624073835,1800.3812123042578,19.61450488974026,18.076200223770055
1904-12,8.25,0.31,0.49,8.467928926,3.473333333333333,328.0349996763777,12.326163624203284,1823.7031639528338,19.483290889869707,18.159679118703192
1905-01,8.43,0.3117,0.505,8.467928926,3.48,335.1921269420441,12.393758715045688,1869.2349529461894,20.079718162008575,18.45985203245584
1905-02,8.8,0.3133,0.52,8.467928926,3.475833333333333,349.90399965480293,12.457377624073835,1957.0664525689567,20.676145434147443,19.168996375829824
1905-03,9.05,0.315,0.535,8.372844628,3.4716666666666667,363.9309455605964,12.667209707357776,2041.425437387199,21.51414982043305,19.831506074218407
1905-04,8.94,0.3167,0.55,8.372844628,3.4675,359.5074755040588,12.735572426413356,2022.565749161319,22.11735028268818,19.48292752471128
1905-05,8.5,0.3183,0.565,8.277679339,3.463333333333333,345.7432944419592,12.947069484808898,1951.1993066754733,22.981760159965525,18.62948750984512
1905-06,8.6,0.32,0.58,8.277679339,3.4591666666666665,349.81086261186465,13.01621814369729,1980.2760022259317,23.591895385451338,18.735862386183527
1905-07,8.87,0.3217,0.595,8.277679339,3.455,360.7932966706092,13.085366802585682,2048.620469639963,24.202030610937147,19.205883309548042
1905-08,9.2,0.3233,0.61,8.372844628,3.4508333333333336,369.9629501831477,13.000980629805614,2106.8384197314895,24.530152131708707,19.573308430803714
1905-09,9.23,0.325,0.625,8.277679339,3.4466666666666663,375.4365420822687,13.219596552192561,2144.282538192362,25.42230106190877,19.743492419697773
1905-10,9.36,0.3267,0.64,8.277679339,3.4425000000000003,380.7243807031457,13.288745211080952,2180.80852108156,26.03243628739458,19.89739481432952
1905-11,9.31,0.3283,0.655,8.372844628,3.438333333333334,374.3864202396854,13.202047450557325,2150.8061957793607,26.339753518474105,19.443525693264977
1905-12,9.54,0.33,0.67,8.467928926,3.434166666666667,379.3277450803204,13.12139998705511,2185.4752714011242,26.640418155536132,19.57796080909611
1906-01,9.87,0.3358,0.6775,8.467928926,3.43,392.4491450673755,13.352018532282138,2267.484047352251,26.938631791605566,20.13240226080789
1906-02,9.8,0.3417,0.685,8.467928926,3.45,389.6658177973942,13.586613259323428,2257.944303171268,27.236845427675,19.86675256367588
1906-03,9.56,0.3475,0.6925,8.467928926,3.4700000000000006,380.12298144317225,13.817231804550454,2209.3197798057813,27.535059063744434,19.259453020854107
1906-04,9.43,0.3533,0.7,8.467928926,3.49,374.9539450846354,14.047850349777484,2186.0807092139785,27.833272699813868,18.87620499611588
1906-05,9.18,0.3592,0.7075,8.563094215,3.51,360.95694119371547,14.123718221871743,2111.3365575711955,27.81884922598624,18.05404446092639
1906-06,9.3,0.365,0.715,8.563094215,3.5300000000000002,365.6753325818686,14.351773805632478,2145.931351383977,28.113748687745808,18.1726663764975
1906-07,9.06,0.3708,0.7225,8.277679339,3.55,368.5216761934295,15.082542774009235,2170.010725420872,29.38818002756654,18.19520014351374
1906-08,9.73,0.3767,0.73,8.467928926,3.5700000000000003,386.88249052741276,14.978276894314119,2285.4767940589054,29.026127244091604,18.967251477549283
1906-09,10.03,0.3825,0.7375,8.563094215,3.59,394.3788801931335,15.039872549738144,2337.1650071072722,28.998447073024526,19.200993682001346
1906-10,9.73,0.3883,0.745,8.753424793,3.61,374.2641891571227,14.935949090412203,2225.3375924824395,28.656405027960577,18.095380908869082
1906-11,9.93,0.3942,0.7525,8.848509091,3.6300000000000003,377.85274876427195,14.999955041578652,2254.1071637155305,28.63385633888365,18.14185165400795
1906-12,9.84,0.4,0.76,8.94367438,3.6499999999999995,370.4439941830709,15.058698950531339,2217.3958609059705,28.611528006009543,17.660003667768652
1907-01,9.56,0.4033,0.7517,8.848509091,3.67,363.77364332189734,15.346224932188406,2185.1235410025065,28.60341502981906,17.218913853705978
1907-02,9.26,0.4067,0.7433,9.038839669,3.6866666666666665,344.93855728994674,15.149731236481788,2079.568009259782,27.688210543587193,16.217071288766146
1907-03,8.35,0.41,0.735,8.94367438,3.7033333333333336,314.35034059234164,15.435166424294621,1902.9121891896941,27.67035932160133,14.687545255978645
1907-04,8.39,0.4133,0.7267,8.94367438,3.7199999999999998,315.85621048739483,15.559400690636505,1919.876974205694,27.357891318377806,14.669709905602735
1907-05,8.1,0.4167,0.7183,9.134004959,3.736666666666667,298.58446948977615,15.360512152640709,1822.674220673505,26.478175856111882,13.79010715342424
1907-06,7.84,0.42,0.71,9.229089256,3.753333333333333,286.02280103465927,15.322650055428175,1753.7875858141385,25.902575093700012,13.144269952673199
1907-07,8.14,0.4233,0.7017,9.229089256,3.7699999999999996,296.9675510742509,15.443042305863685,1828.7877303082507,25.599770342604646,13.585007357961839
1907-08,7.53,0.4267,0.6933,9.229089256,3.7866666666666666,274.71322599374804,15.567082806312388,1699.7297608023757,25.293317341496085,12.513471604446604
1907-09,7.45,0.43,0.685,9.229089256,3.8033333333333337,271.79462598319026,15.687475056747894,1689.760119664424,24.99051259040072,12.328569657736622
1907-10,6.64,0.4333,0.6767,9.324254545,3.82,239.7714100586043,15.64652891240862,1498.7765307221684,24.435739937749627,10.8318401530506
1907-11,6.25,0.4367,0.6683,8.94367438,3.836666666666667,235.29217110205215,16.440334579242585,1479.3413003623211,25.15932127160023,10.59117755918978
1907-12,6.57,0.44,0.66,8.753424793,3.853333333333333,252.7148738707396,16.924588204433093,1597.7496626098523,25.38688230664964,11.33330623581117
1908-01,6.85,0.4367,0.6533,8.658259504,3.87,266.38110251078473,16.982281381964913,1693.0995379802187,25.4053685066125,11.902968628266978
1908-02,6.6,0.4333,0.6467,8.563094215,3.8608333333333333,259.5115263484229,17.03732490405631,1658.4609985742504,25.428197589321982,11.55484629514479
1908-03,6.87,0.43,0.64,8.563094215,3.8516666666666666,270.1279069717674,16.907569140882096,1735.3114009071728,25.164754070150096,11.98466266446429
1908-04,7.24,0.4267,0.6333,8.658259504,3.8425,281.5473258654133,16.593403860051364,1817.5532110497934,24.627613462785394,12.448889158370365
1908-05,7.63,0.4233,0.6267,8.658259504,3.833333333333333,296.7135492200419,16.461185502600756,1924.3156339543789,24.370954298322452,13.078451355438338
1908-06,7.64,0.42,0.62,8.658259504,3.8241666666666663,297.10242674195547,16.33285592036928,1935.6648087286837,24.11040635864037,13.051684129229987
1908-07,7.92,0.4167,0.6133,8.753424793,3.8149999999999995,304.64258767979567,16.02835432906198,1993.492287574893,23.590568058588214,13.345487104834396
1908-08,8.26,0.4133,0.6067,8.753424793,3.805833333333333,317.7206785650394,15.897573420209538,2087.740592454525,23.33669923552172,13.884232895208608
1908-09,8.17,0.41,0.6,8.753424793,3.7966666666666664,314.258830977769,15.77063900867629,2073.628544462752,23.078983915136032,13.701442268825105
1908-10,8.27,0.4067,0.5933,8.848509091,3.7874999999999996,314.6870324552396,15.475600495712932,2084.9636320812356,22.576035835029465,13.6908103591787
1908-11,8.83,0.4033,0.5867,8.94367438,3.778333333333333,332.4207793329793,15.182933216873218,2210.8417326934073,22.087346685691838,14.435014091256258
1908-12,9.03,0.4,0.58,9.038839669,3.769166666666667,336.37096893393294,14.900153662632691,2245.3714658826093,21.6052228108174,14.582482908962435
1909-01,9.06,0.4033,0.595,8.94367438,3.76,341.0795312295348,15.182933216873218,2285.2483173764144,22.399814688915363,14.76441845644135
1909-02,8.8,0.4067,0.61,9.038839669,3.7725,327.8033805779192,15.149731236481788,2204.756163476708,22.72273433551485,14.167157516701362
1909-03,8.92,0.41,0.625,9.038839669,3.7849999999999997,332.27342667670894,15.272657504198508,2243.3811530830703,23.281490097863575,14.336058380586215
1909-04,9.32,0.4133,0.64,9.229089256,3.7975,340.0169012299777,15.078217304543966,2304.1456087836405,23.348800084461985,14.64519860308612
1909-05,9.63,0.4167,0.655,9.324254545,3.8099999999999996,347.74076488921077,15.04710038726211,2364.9841503834505,23.652149636805092,14.953509786582782
1909-06,9.8,0.42,0.67,9.419419835,3.8225,350.30421276471327,15.01303768991628,2390.9267898117573,23.949369648199784,15.040444676080996
1909-07,9.94,0.4233,0.685,9.419419835,3.835,355.308558661352,15.130997271765626,2433.689003391783,24.485549565696793,15.231503240497682
1909-08,10.18,0.4267,0.7,9.514585124,3.8474999999999997,360.2478195664099,15.099974912474176,2476.1394636743803,24.77146107038182,15.417580706254757
1909-09,10.19,0.43,0.715,9.609669421,3.8600000000000003,357.0336706903042,15.06619022540047,2462.6769296571247,25.051920956189154,15.254446436821175
1909-10,10.23,0.4333,0.73,9.8,3.8724999999999996,351.47383239795914,14.886961053571426,2432.8843963282507,25.080732908163263,14.988845296121765
1909-11,10.18,0.4367,0.745,9.895165289,3.885,346.3922476171585,14.85947883442172,2406.2813002308358,25.349923818740972,14.745631176824586
1909-12,10.3,0.44,0.76,9.990330579,3.8975000000000004,347.1369188012532,14.829149929373925,2420.0387689935005,25.61398624164587,14.750638489265036
1910-01,10.08,0.4425,0.7575,9.895165289,3.91,342.9895732790725,15.056833946030713,2399.8731616620917,25.775258111001726,14.54788504056415
1910-02,9.72,0.445,0.755,9.895165289,3.9158333333333335,330.7399456619628,15.141900804482862,2322.9923043419813,25.690191252549578,14.002037903032702
1910-03,9.96,0.4475,0.7525,10.08541488,3.921666666666667,332.513290717496,14.939728674305165,2344.1918597747567,25.12211358081483,14.050006965077824
1910-04,9.72,0.45,0.75,10.18058017,3.9274999999999998,321.4675760467981,14.882758150314725,2275.063983238057,24.804596917191212,13.55988362082008
1910-05,9.56,0.4525,0.7475,9.990330579,3.9333333333333336,322.19698482912435,15.250432597822046,2289.2201879374516,25.192703573197747,13.568792287251453
1910-06,9.1,0.455,0.745,9.895165289,3.9391666666666665,309.6433647658293,15.482168238291466,2209.193080233176,25.349923818740972,13.019657302315936
1910-07,8.64,0.4575,0.7425,9.895165289,3.9450000000000003,293.9910628106336,15.567235096743618,2106.775131802037,25.264856960288824,12.342581259985218
1910-08,8.85,0.46,0.74,9.8,3.9508333333333336,304.06094005102034,15.804297448979591,2188.3750341633245,25.42430459183673,12.745055150886252
1910-09,8.91,0.4625,0.7375,9.704834711,3.956666666666667,309.12419601537715,16.046009052425582,2234.4399011018972,25.586879299813763,12.93716110107085
1910-10,9.32,0.465,0.735,9.419419835,3.9625,333.14645540480893,16.621577442407315,2418.091936802103,26.272815957353494,13.918866656445818
1910-11,9.31,0.4675,0.7325,9.229089256,3.9683333333333333,339.65207622865796,17.05556881169684,2475.628244729632,26.723431346669383,14.164523175780358
1910-12,9.05,0.47,0.73,9.229089256,3.9741666666666666,330.16662619434527,17.14677506202677,2416.9063073098905,26.63222509633945,13.741478417781552
1911-01,9.27,0.47,0.7183,9.229089256,3.98,338.192776223379,17.14677506202677,2486.1197383939943,26.20537984479538,14.049215181401204
1911-02,9.43,0.47,0.7067,8.94367438,3.9825,355.00882775877625,17.69397126687432,2620.577061087949,26.60495637085124,14.721488469928303
1911-03,9.32,0.47,0.695,9.038839669,3.985,347.1735803393417,17.50768055359341,2573.5091681855624,25.889016988824295,14.370623221979535
1911-04,9.28,0.47,0.6833,8.753424793,3.9875,356.9549512207706,18.078537400189894,2657.183606847104,26.283116182020752,14.752935420329353
1911-05,9.48,0.47,0.6717,8.753424793,3.99,364.64794585914933,18.078537400189894,2725.6652605077647,25.83692249299479,15.047660591685041
1911-06,9.67,0.47,0.66,8.753424793,3.9924999999999997,371.95629076560914,18.078537400189894,2791.5546721322057,25.38688230664964,15.328355684719286
1911-07,9.63,0.47,0.6483,8.848509091,3.995,366.4372578650493,17.884269075448923,2761.3192041919874,24.668875833220294,15.083110578700266
1911-08,9.17,0.47,0.6367,9.134004959,3.9975,338.02710928657376,17.325271686443802,2558.111778782442,23.470213793103763,13.899790665654448
1911-09,8.67,0.47,0.625,9.229089256,4,316.30327614419593,17.14677506202677,2404.5243551380217,22.801562582482404,12.99795398325244
1911-10,8.72,0.47,0.6133,9.229089256,4.0024999999999995,318.1274011507945,17.14677506202677,2429.253700197592,22.374717330938335,13.066472850619196
1911-11,9.07,0.47,0.6017,9.134004959,4.005,334.3408812681815,17.325271686443802,2564.08630638727,22.18003398666646,13.7279975864131
1911-12,9.11,0.47,0.59,9.038839669,4.0075,339.3509996664595,17.50768055359341,2613.698276000914,21.977726652383218,13.929258419578238
1912-01,9.12,0.4708,0.5992,9.134004959,4.01,336.18399527737756,17.35476151059094,2600.44478704838,22.08787828620665,13.794952631845826
1912-02,9.04,0.4717,0.6083,9.229089256,4.046666666666667,329.80180119302554,17.208795312251123,2562.170112032375,22.192304830278474,13.531634369686602
1912-03,9.3,0.4725,0.6175,9.419419835,4.083333333333333,332.43154884814624,16.889667401155815,2593.534538256963,22.072739936960247,13.63976917394417
1912-04,9.59,0.4733,0.6267,9.704834711,4.12,332.71616608164607,16.42070504759573,2606.4308376016215,21.742775941957,13.65439269055324
1912-05,9.58,0.4742,0.6358,9.704834711,4.156666666666666,332.3692253453774,16.451929713859915,2614.4530639022687,22.05849201196148,13.645500685612372
1912-06,9.58,0.475,0.645,9.609669421,4.193333333333333,335.6607031612477,16.642884551314474,2651.2537563351234,22.599285338100707,13.785417404502534
1912-07,9.59,0.4758,0.6542,9.609669421,4.23,336.0110796781175,16.670914672664054,2664.994335562894,22.921631733620902,13.80287664501579
1912-08,9.81,0.4767,0.6633,9.704834711,4.266666666666667,340.3488622795566,16.53866489792708,2710.32950754262,23.0125790367003,13.984761763426281
1912-09,9.86,0.4775,0.6725,9.8,4.303333333333334,338.76168010204077,16.405547895408162,2708.57713898796,23.10519572704081,13.92628500131588
1912-10,9.84,0.4783,0.6817,9.8,4.34,338.0745367346938,16.433033630102038,2714.032293925594,23.421281676020403,13.905092701178475
1912-11,9.73,0.4792,0.6908,9.8,4.376666666666667,334.29524821428566,16.46395508163265,2694.7067658706087,23.73393190816326,13.74954101860654
1912-12,9.38,0.48,0.7,9.704834711,4.413333333333333,325.43041062000424,16.653155340895736,2634.435123501281,24.285851538806284,13.388999452579636
1913-01,9.3,0.48,0.6942,9.8,4.45,319.5216658163265,16.49144081632653,2597.7276271729074,23.850746280612245,13.148088791761564
1913-02,8.97,0.48,0.6883,9.8,4.425833333333333,308.183800255102,16.49144081632653,2516.7232172933223,23.648038987244895,12.682960516236761
1913-03,8.8,0.48,0.6825,9.8,4.401666666666667,302.343081632653,16.49144081632653,2480.248967767332,23.448767410714282,12.443453515183664
1913-04,8.79,0.48,0.6767,9.8,4.3775,301.9995099489795,16.49144081632653,2488.704361975629,23.24949583418367,12.43306708179517
1913-05,8.55,0.48,0.6708,9.7,4.3533333333333335,296.7821791237114,16.661455670103095,2457.1515264514796,23.28438429896907,12.221401061154129
1913-06,8.12,0.48,0.665,9.8,4.3291666666666675,278.98020714285707,16.49144081632653,2321.1416352988117,22.847516964285713,11.49196285276123
1913-07,8.23,0.48,0.6592,9.9,4.305,279.9033391414141,16.324860606060604,2340.1408789175935,22.41947523232323,11.534022795459862
1913-08,8.45,0.48,0.6533,9.9,4.280833333333334,287.3855669191919,16.324860606060604,2414.069995384006,22.218815487373735,11.846840543564637
1913-09,8.53,0.48,0.6475,10,4.256666666666667,287.20531324999996,16.161611999999998,2423.869119743967,21.801341187499997,11.843316826625976
1913-10,8.26,0.48,0.6417,10,4.2325,278.1144065,16.161611999999998,2358.5127425410233,21.6060550425,11.471490240312297
1913-11,8.05,0.48,0.6358,10.1,4.208333333333334,268.36010024752477,16.00159603960396,2287.1009142421885,21.19544742079208,11.072537845038013
1913-12,8.04,0.48,0.63,10,4.184166666666667,270.70700099999993,16.161611999999998,2318.580514403435,21.21211575,11.1740408700368
1914-01,8.37,0.475,0.6208,10,4.16,281.81810924999996,15.993261874999998,2425.1612003630044,20.90235152,11.636092105046142
1914-02,8.48,0.47,0.6117,9.9,4.166666666666667,288.4058707070707,15.984759343434341,2493.314562521973,20.803994234848485,11.910233879798247
1914-03,8.32,0.465,0.6025,9.9,4.173333333333334,282.9642505050505,15.814708712121211,2457.6642805991205,20.491101073232322,11.685526018836834
1914-04,8.12,0.46,0.5933,9.8,4.18,278.98020714285707,15.804297448979591,2434.5000954583184,20.384107992346937,11.52266253620024
1914-05,8.17,0.455,0.5842,9.9,4.1866666666666665,277.86273156565653,15.474607449494949,2436.001695569444,19.868715762626262,11.479008694164488
1914-06,8.13,0.45,0.575,9.9,4.193333333333333,276.50232651515154,15.304556818181815,2435.2562850138847,19.555822601010096,11.428715168831895
1914-07,7.68,0.445,0.5658,10,4.2,258.58579199999997,14.983161124999999,2288.4557112645925,19.050500144999997,10.694345183040143
1914-08,7.68,0.44,0.5567,10.2,4.206666666666667,253.51548235294118,14.524324509803924,2254.295586353457,18.376571487745096,10.492046265076443
1914-09,7.68,0.435,0.5475,10.2,4.213333333333333,253.51548235294118,14.35927536764706,2264.9359789322743,18.07288106617647,10.500497301802136
1914-10,7.68,0.43,0.5383,10.1,4.220000000000001,256.02553663366336,14.33476311881188,2298.033453820369,17.945123225247524,10.612759466126231
1914-11,7.68,0.425,0.5292,10.2,4.226666666666667,253.51548235294118,14.029177083333332,2285.997302168207,17.468801205882354,10.51691764299213
1914-12,7.35,0.42,0.52,10.1,4.233333333333333,245.02443935643564,14.001396534653464,2219.9530577096807,17.335062376237623,10.17221799199787
1915-01,7.48,0.4208,0.55,10.1,4.24,249.35820495049506,14.028065861386139,2269.8088742256823,18.33516212871287,10.359834197757277
1915-02,7.38,0.4217,0.58,10,4.224166666666667,248.4847845,14.198649542499998,2272.6288639340937,19.528614499999996,10.3297862096607
1915-03,7.57,0.4225,0.61,9.9,4.208333333333334,257.45665580808077,14.369278345959593,2365.6368528873336,20.74617702020202,10.707013188682819
1915-04,8.14,0.4233,0.64,10,4.1925,274.0740035,14.2525215825,2529.238375728351,21.548816,11.401123789000192
1915-05,7.95,0.4242,0.67,10.1,4.176666666666667,265.0264344059406,14.1414105,2456.6197561999647,22.335561138613862,11.026929876471323
1915-06,8.04,0.425,0.7,10.1,4.160833333333333,268.0267336633663,14.168079826732672,2495.3746066515464,23.33566089108911,11.154262189096348
1915-07,8.01,0.4258,0.73,10.1,4.145,267.0266339108911,14.194749153465347,2497.0764686863486,24.335760643564356,11.113629393949607
1915-08,8.35,0.4267,0.76,10.1,4.129166666666666,278.3610977722772,14.224752146039604,2614.154855301296,25.335860396039603,11.584831641604605
1915-09,8.66,0.4275,0.79,10.1,4.113333333333333,288.6954618811881,14.251421472772277,2722.360516602315,26.335960148514854,12.011570757825895
1915-10,9.14,0.4283,0.82,10.2,4.0975,301.70983186274515,14.138109517156865,2856.194370432994,27.06805931372549,12.549076133220163
1915-11,9.46,0.4292,0.85,10.3,4.081666666666667,309.2412004854369,14.030266728155338,2938.559877865797,27.785942961165045,12.857714453559318
1915-12,9.48,0.43,0.88,10.3,4.065833333333333,309.89498737864074,14.056418203883494,2955.9033866586974,28.766623300970874,12.878444602185992
1916-01,9.33,0.4408,0.9342,10.4,4.05,302.0589742788461,14.270910596153845,2892.503808157536,30.24474745673077,12.543563692516178
1916-02,9.2,0.4517,0.9883,10.4,4.0649999999999995,297.8502211538461,14.623798358173076,2863.870707312761,31.996236257211535,12.354652326458801
1916-03,9.17,0.4625,1.042,10.5,4.08,294.0515516666666,14.830844345238095,2839.229362907363,33.41349147619047,12.177052795748484
1916-04,9.07,0.4733,1.097,10.6,4.095,288.1010629716981,15.033983804245281,2793.8709051949936,34.84529945754717,11.906481776593187
1916-05,9.27,0.4842,1.151,10.7,4.109999999999999,291.7019922897196,15.236472995327105,2841.104075375649,36.218877359813085,12.026256671905164
1916-06,9.36,0.495,1.205,10.8,4.125,291.8068833333333,15.432094791666664,2854.651081428452,37.567018634259256,11.995961222946585
1916-07,9.23,0.5058,1.259,10.8,4.140000000000001,287.7540099537037,15.768795041666666,2827.858229131071,39.25051988425925,11.791165275254558
1916-08,9.3,0.5167,1.313,10.9,4.155,287.2763600917431,15.960827447247707,2836.2352465158247,40.558479655963296,11.732082638874166
1916-09,9.68,0.5275,1.368,11.1,4.17,293.6268846846847,16.000845213963963,2912.0974874658423,41.496030810810815,11.944552417504475
1916-10,9.98,0.5383,1.422,11.3,4.1850000000000005,297.36889336283184,16.03944642256637,2962.4657069423424,42.3705978318584,12.045741763370803
1916-11,10.21,0.5492,1.476,11.5,4.2,298.93126543478263,16.079632808695653,2991.3795821812923,43.21474513043478,12.053230403230506
1916-12,9.8,0.56,1.53,11.6,4.215,284.45365948275867,16.254494827586207,2860.058197008812,44.40960193965517,11.413559188849497
1917-01,9.57,0.5708,1.509,11.7,4.23,275.40353782051284,16.426367752136752,2782.8264818701646,43.42569891025641,10.99236142738343
1917-02,9.03,0.5817,1.488,12,4.258333333333333,253.36693812499996,16.32154461875,2573.900222452595,41.750831,10.063187738735731
1917-03,9.31,0.5925,1.468,12,4.286666666666667,261.22327729166665,16.62457484375,2667.784872039563,41.18966391666667,10.32715708010788
1917-04,9.17,0.6033,1.447,12.6,4.315000000000001,245.0429597222222,16.12152863690476,2516.26107728961,38.667084265873015,9.644531197281236
1917-05,8.86,0.6142,1.426,12.8,4.343333333333334,233.05970429687497,16.156351058593746,2407.034517751991,37.5105122265625,9.138988813373581
1917-06,9.04,0.625,1.405,13,4.371666666666667,234.13617384615384,16.187512019230766,2432.084283700467,36.38952701923077,9.148220259539587
1917-07,8.79,0.6358,1.384,12.8,4.4,231.21837480468744,16.72453273046875,2416.2528537950006,36.40571453125,9.003472377228805
1917-08,8.53,0.6467,1.363,13,4.428333333333334,220.9271640384615,16.749542436538462,2323.2949595169853,35.30172621153846,8.572680466753784
1917-09,8.12,0.6575,1.343,13.3,4.456666666666667,205.5643631578947,16.645143937969923,2176.324864613047,33.99913050751879,7.950823264217065
1917-10,7.68,0.6683,1.322,13.5,4.485,191.54503111111111,16.667909412962963,2042.6065406372009,32.97168374074074,7.38713371110815
1917-11,7.04,0.6792,1.301,13.5,4.513333333333334,175.5829451851852,16.93976368888889,1887.442913578901,32.44792779629629,6.75301360477431
1917-12,6.8,0.69,1.28,13.7,4.541666666666667,167.1212919708029,16.957895802919708,1811.674550309065,31.458125547445256,6.4125938981198205
1918-01,7.21,0.68,1.256,14,4.57,173.40062874999998,16.354012142857144,1894.5193319163352,30.206822428571428,6.640646028655352
1918-02,7.43,0.67,1.232,14.1,4.564166666666667,177.42431613475176,15.999231737588653,1953.0477126631827,29.419482836879432,6.784343551630282
1918-03,7.28,0.66,1.208,14,4.558333333333334,175.08413,15.873011785714285,1941.848011061533,29.052421571428567,6.686355760455894
1918-04,7.21,0.65,1.183,14.2,4.5525,170.95836637323944,15.412335387323944,1910.3341811600967,28.050450404929578,6.52072773054716
1918-05,7.44,0.64,1.159,14.5,4.546666666666667,172.76205931034482,14.861252413793103,1944.3277567019031,26.912799293103447,6.582363231621082
1918-06,7.45,0.63,1.135,14.7,4.5408333333333335,170.64060289115645,14.430010714285714,1933.9854932202506,25.99692406462585,6.496291318641054
1918-07,7.51,0.62,1.111,15.1,4.535,167.458203807947,13.824778476821193,1910.9743408785885,24.77311110927152,6.371324093848988
1918-08,7.58,0.61,1.087,15.4,4.529166666666667,165.7264866883117,13.336828084415583,1903.8955259893091,23.76579037337662,6.303073760914592
1918-09,7.54,0.6,1.063,15.7,4.523333333333333,161.70190350318472,12.867525477707005,1869.9790972790145,22.796965971337578,6.14917056243168
1918-10,7.86,0.59,1.038,16,4.5175,165.4039978125,12.41582171875,1924.7565367534226,21.84342871875,6.290515321191321
1918-11,8.06,0.58,1.014,16.3,4.511666666666667,166.4910438650307,11.980745092024538,1949.0241915120753,20.94564745398773,6.333327495354155
1918-12,7.9,0.57,0.99,16.5,4.505833333333333,161.20799848484847,11.63146318181818,1898.525281008257,20.202015,6.134580411283429
1919-01,7.85,0.5667,0.985,16.5,4.5,160.1876946969697,11.564123131818182,1897.8583939633459,20.09998462121212,6.098467639950102
1919-02,7.88,0.5633,0.98,16.2,4.539166666666667,163.7776524691358,11.707608075617285,1951.9502310209064,20.36828672839506,6.239692771364976
1919-03,8.12,0.56,0.975,16.4,4.578333333333333,166.70768475609754,11.497081707317074,1998.290017674151,20.017240472560974,6.35607400486914
1919-04,8.39,0.5567,0.97,16.7,4.6175,169.15659266467068,11.224013723053892,2038.8562206432416,19.556840868263475,6.456139555819274
1919-05,8.97,0.5533,0.965,16.9,4.656666666666666,178.71013269230772,11.023446646449704,2165.0779032205683,19.22578350591716,6.829002261482031
1919-06,9.21,0.55,0.96,16.9,4.695833333333333,183.49167470414204,10.957700443786983,2234.069144469607,19.12616804733728,7.021615214784131
1919-07,9.51,0.5467,0.955,17.4,4.734999999999999,184.02410215517241,10.578967050287355,2251.2851393318247,18.47981257183908,7.052837165446309
1919-08,8.87,0.5433,0.95,17.7,4.774166666666666,168.73057725988699,10.334985639830508,2074.7258282847292,18.071482344632766,6.479131101705276
1919-09,9.01,0.54,0.945,17.8,4.813333333333333,170.43085688202245,10.214501966292135,2106.099147736928,17.875378441011232,6.5584816720612595
1919-10,9.47,0.5367,0.94,18.1,4.852499999999999,176.16305897790056,9.98381349033149,2187.216076670073,17.48609033149171,6.794704199949302
1919-11,9.19,0.5333,0.935,18.5,4.891666666666667,167.25812418918918,9.706067206756757,2086.6960748339634,17.017012635135135,6.467022574133131
1919-12,8.92,0.53,0.93,18.9,4.930833333333333,158.90826613756613,9.441858862433863,1992.340367972892,16.567790079365082,6.160717033799176
1920-01,8.83,0.5283,0.9192,19.3,4.97,154.04472577720205,9.216515133419689,1940.9923477585567,16.03600361658031,5.989667771139438
1920-02,8.1,0.5267,0.9083,19.5,4.9799999999999995,139.86010384615383,9.094360085897435,1771.8126790098515,15.683324978205128,5.455347649907772
1920-03,8.67,0.525,0.8975,19.7,4.99,148.18229276649745,8.972976205583757,1886.7148478321792,15.339516465736041,5.798822727557158
1920-04,8.6,0.5233,0.8867,20.3,5,142.64148522167486,8.679568513546798,1825.3764261141432,14.707000575123152,5.599858725506184
1920-05,8.06,0.5217,0.8758,20.6,5.01,131.73805898058254,8.52701555461165,1694.939107939082,14.314664026699027,5.1889504620474955
1920-06,7.92,0.52,0.865,20.9,5.02,127.59167368421052,8.377231100478468,1650.573574876014,13.93520173444976,5.043639680451619
1920-07,7.91,0.5183,0.8542,20.8,5.029999999999999,128.0432200721154,8.389987479567306,1665.4596155018587,13.827372766826922,5.080592919540795
1920-08,7.6,0.5167,0.8433,20.3,5.039999999999999,126.0552660098522,8.570099466748768,1648.8915562162097,13.987158661330048,5.0207010779228565
1920-09,7.87,0.515,0.8325,20,5.05,132.491548375,8.670031437499999,1742.5334998499768,14.015147906249998,5.2971627701080575
1920-10,7.88,0.5133,0.8217,19.9,5.0600000000000005,133.3265311557789,8.684836096733667,1763.0338285166492,13.90284399120603,5.351177393424155
1920-11,7.48,0.5117,0.8108,19.8,5.069999999999999,127.19787222222223,8.701490804292929,1691.5805747130557,13.787705186868685,5.126407930947926
1920-12,6.81,0.51,0.8,19.4,5.079999999999999,118.19220115979381,8.851398324742268,1581.6252728015604,13.884546391752579,4.784241045083248
1921-01,7.11,0.5058,0.7575,19,5.09,125.9967777631579,8.963315076315789,1696.0600601316407,13.423707335526315,5.122184146887373
1921-02,7.06,0.5017,0.715,18.4,5.024166666666666,129.19042201086955,9.18057149048913,1749.3485591990589,13.083732540760868,5.2748571912050455
1921-03,6.88,0.4975,0.6725,18.3,4.958333333333333,126.58457486338797,9.153463080601092,1724.391973549923,12.373274214480873,5.192348158684176
1921-04,6.91,0.4933,0.63,18.1,4.8925,128.54136616022097,9.176476979281768,1761.4654385853016,11.719400966850827,5.297085922739674
1921-05,7.12,0.4892,0.5875,17.7,4.826666666666666,135.441004519774,9.305862276836159,1866.6414698066083,11.17578513418079,5.609469225330774
1921-06,6.55,0.485,0.545,17.6,4.760833333333333,125.30605894886361,9.278387571022726,1737.618324210706,10.426229332386363,5.216110960989319
1921-07,6.53,0.4808,0.5025,17.7,4.695,124.21766285310734,9.146072327683616,1733.0945863685067,9.558863029661016,5.19777936190547
1921-08,6.45,0.4767,0.46,17.7,4.629166666666666,122.69585381355932,9.06807961440678,1722.405400385966,8.75040197740113,5.16129482321573
1921-09,6.61,0.4725,0.4175,17.5,4.5633333333333335,127.17649442857143,9.090906749999998,1795.9395219728758,8.032705964285713,5.377524425458259
1921-10,6.7,0.4683,0.375,17.5,4.4975,128.9080957142857,9.01009869,1830.9956637009468,7.215005357142857,5.479257678053347
1921-11,7.06,0.4642,0.3325,17.4,4.431666666666667,136.61515890804597,8.982543451149425,1951.0981473931336,6.434070869252874,5.838196993200892
1921-12,7.31,0.46,0.29,17.3,4.365833333333333,142.27045245664738,8.952723410404625,2042.5204295455421,5.644108236994219,6.114158849417272
1922-01,7.3,0.4642,0.3233,16.9,4.3,145.43856952662722,9.248299174556212,2099.0683425749576,6.441135551775147,6.287087290347127
1922-02,7.46,0.4683,0.3567,16.9,4.305,148.62626420118343,9.329983850591717,2156.2967092709823,7.106566815088758,6.4613058726969825
1922-03,7.74,0.4725,0.39,16.7,4.3100000000000005,156.05149311377244,9.526399288922155,2275.540832900223,7.8630597305389225,6.821387249036039
1922-04,8.21,0.4767,0.4233,16.7,4.3149999999999995,165.52748817365273,9.611078393712575,2425.39872063279,8.534444061377245,7.273253390209862
1922-05,8.53,0.4808,0.4567,16.7,4.32,171.97922949101795,9.693741329341318,2531.7696381328924,9.207844561377247,7.59346725891938
1922-06,8.45,0.485,0.49,16.7,4.325,170.36629416167662,9.778420434131737,2520.0210002068166,9.879228892215568,7.557987351755128
1922-07,8.51,0.4892,0.5233,16.8,4.33,170.5547099702381,9.804390613095238,2534.893372664152,10.487811953869047,7.602095045774035
1922-08,8.83,0.4933,0.5567,16.6,4.335,179.10019322289153,10.0056767063253,2674.294384604365,11.291628263554214,8.020030689895776
1922-09,9.06,0.4975,0.59,16.6,4.34,183.7653171686747,10.090865926204819,2756.509503119359,11.967057078313251,8.265083002284307
1922-10,9.26,0.5017,0.6233,16.7,4.345,186.6972643712575,10.115120684131737,2813.1332230417825,12.566782384730537,8.432151998761901
1922-11,8.8,0.5058,0.6567,16.8,4.35,176.36679761904762,10.137082526785713,2670.203621564753,13.161372272321426,7.9982537722698375
1922-12,8.78,0.51,0.69,16.9,4.3549999999999995,174.9247452662722,10.16077677514793,2661.190427522086,13.746933284023669,7.964679864940002
1923-01,8.9,0.5117,0.7142,16.8,4.36,178.3709657738095,10.255328447916668,2726.6204547780385,14.313768961309522,8.154200483069154
1923-02,9.28,0.5133,0.7383,16.8,4.335,185.98680476190472,10.287395138392855,2856.142585426216,14.79677348660714,8.53336057906597
1923-03,9.43,0.515,0.7625,16.8,4.31,188.9930569940476,10.321465997023807,2915.5173167953053,15.281782180059519,8.700737500978535
1923-04,9.1,0.5167,0.7867,16.9,4.285,181.30013461538462,10.294261489644972,2810.07557592406,15.67349625295858,8.372809668463816
1923-05,8.67,0.5183,0.8108,16.9,4.26,172.73320517751478,10.326138436390533,2690.6293506423135,16.15364276331361,8.00049786759821
1923-06,8.34,0.52,0.835,17,4.234999999999999,165.1811814705882,10.299066470588235,2586.3619106910364,16.537924044117645,7.671825282673077
1923-07,8.06,0.5217,0.8592,17.2,4.21,157.77930319767444,10.212588396802326,2483.7908122248473,16.819352023255814,7.345985119490649
1923-08,8.1,0.5233,0.8833,17.1,4.185,159.48959210526314,10.303815252923975,2524.2315410378724,17.392241568713448,7.44178317421737
1923-09,8.15,0.525,0.9075,17.2,4.16,159.54110683139535,10.277187863372093,2538.601560711901,17.764853306686046,7.458183867189793
1923-10,8.03,0.5267,0.9317,17.3,4.135,156.28341083815027,10.250868304913293,2500.358002478978,18.133157394508668,7.317400395621481
1923-11,8.27,0.5283,0.9558,17.3,4.109999999999999,160.9543969653179,10.282008212427744,2588.7968793972955,18.602202251445085,7.546327911916234
1923-12,8.55,0.53,0.98,17.3,4.085,166.4038807803468,10.31509436416185,2690.2722911350575,19.07319335260115,7.809739144938742
1924-01,8.83,0.5317,0.9758,17.3,4.06,171.8533645953757,10.348180515895953,2792.316469257965,18.991451095375723,8.072249446037377
1924-02,8.87,0.5333,0.9717,17.2,4.043333333333333,173.63553590116277,10.439665309593023,2835.4091590854296,19.021606565406977,8.162066220850356
1924-03,8.7,0.535,0.9675,17.1,4.026666666666666,171.30363596491225,10.534189108187133,2811.6650040702875,19.050145723684206,8.058077044116088
1924-04,8.5,0.5367,0.9633,17,4.01,168.350125,10.629824951470587,2777.7272664473753,19.079020636764707,7.923620348327977
1924-05,8.47,0.5383,0.9592,17,3.993333333333333,167.7559480882353,10.661514386764706,2782.5828426396065,18.99781645882353,7.89969833066529
1924-06,8.63,0.54,0.955,17,3.9766666666666666,170.92489161764706,10.695184411764707,2849.9298890080977,18.91463169117647,8.051676946396645
1924-07,9.03,0.5417,0.9508,17.1,3.96,177.80136008771927,10.666112597953214,2979.405427875516,18.721321502923974,8.377712139971832
1924-08,9.34,0.5433,0.9467,17,3.943333333333333,184.98707852941175,10.760543872058822,3114.8421707933358,18.75024274558823,8.717418308548327
1924-09,9.25,0.545,0.9425,17.1,3.9266666666666667,182.1331761695906,10.731089839181285,3081.845355343209,18.557893896198827,8.581670375209049
1924-10,9.13,0.5467,0.9383,17.2,3.91,178.72519084302326,10.701978295058138,3039.2699329460384,18.367781661337208,8.41949103587242
1924-11,9.64,0.5483,0.9342,17.2,3.8933333333333335,188.70874476744189,10.733299248546512,3224.2531722109534,18.287521718023257,8.888327361250967
1924-12,10.16,0.55,0.93,17.3,3.876666666666667,197.73841271676298,10.704343208092485,3393.7739944413206,18.100071242774565,9.31063968041637
1925-01,10.58,0.5542,0.9567,17.3,3.86,205.91263843930633,10.78608546531792,3549.4945528378403,18.619718449421963,9.692618852254995
1925-02,10.67,0.5583,0.9833,17.2,3.845,208.8716085755814,10.929055207848837,3616.200350883162,19.248683478197673,9.83080472281957
1925-03,10.39,0.5625,1.01,17.3,3.83,202.2147744219653,10.947623735549131,3516.7450950399943,19.657066618497108,9.518537538810026
1925-04,10.28,0.5667,1.037,17.2,3.815,201.23712616279067,11.093490213662792,3515.820047504041,20.299892979651162,9.476566787903066
1925-05,10.61,0.5708,1.063,17.3,3.8,206.49651170520227,11.109162005780346,3623.8809774947294,20.68857605491329,9.729007694021327
1925-06,10.8,0.575,1.09,17.5,3.785,207.7921542857143,11.063008214285713,3662.7977281293543,20.971615571428572,9.796386180450607
1925-07,11.1,0.5792,1.117,17.7,3.77,211.15100423728813,11.017897446327686,3738.189484394331,21.248258714689264,9.963993891787796
1925-08,11.25,0.5833,1.143,17.7,3.7550000000000003,214.0043961864407,11.09589015960452,3805.0755729690836,21.742846652542372,10.110918458488939
1925-09,11.51,0.5875,1.17,17.7,3.74,218.95027556497175,11.17578513418079,3909.574222500809,22.25645720338983,10.359247611348497
1925-10,11.89,0.5917,1.197,17.7,3.725,226.17886850282486,11.255680108757062,4055.396359208435,22.77006775423729,10.718495997022924
1925-11,12.26,0.5958,1.223,18,3.71,229.3302813888889,11.144778275,4128.553515271485,22.876911430555555,10.886317440307932
1925-12,12.46,0.6,1.25,17.9,3.6950000000000003,234.37347011173185,11.28604189944134,4236.275850833582,23.512587290502793,11.147365239137246
1926-01,12.65,0.6075,1.249,17.9,3.68,237.9473833798883,11.42711742318436,4318.0859532899885,23.493777220670395,11.340966188506233
1926-02,12.67,0.615,1.248,17.9,3.651666666666667,238.3235847765363,11.568192946927375,4342.4071884023915,23.47496715083799,11.389435672748007
1926-03,11.81,0.6225,1.248,17.8,3.6233333333333335,223.3949411516854,11.775050877808988,4088.2768891212463,23.606848988764042,10.712352062732482
1926-04,11.48,0.63,1.247,17.9,3.595,215.93960167597768,11.850343994413407,3969.911623912487,23.45615708100559,10.39558768595473
1926-05,11.56,0.6375,1.246,17.8,3.566666666666667,218.66600505617978,12.058787043539324,4038.509232966623,23.569017499999998,10.575158463806094
1926-06,12.11,0.645,1.245,17.7,3.5383333333333336,230.36384336158193,12.269585381355933,4273.438590837586,23.6831531779661,11.197979740229954
1926-07,12.62,0.6525,1.244,17.5,3.51,242.80898028571428,12.55410932142857,4523.713527632532,23.934577771428568,11.869694058481274
1926-08,13.12,0.66,1.243,17.4,3.4816666666666665,253.8797287356322,12.77138879310345,4749.798259535019,24.052782227011495,12.488808219521875
1926-09,13.32,0.6675,1.242,17.5,3.453333333333333,256.27699028571425,12.842709535714285,4814.670966926652,23.89609774285714,12.692614823344712
1926-10,13.02,0.675,1.242,17.6,3.425,249.08166221590903,12.91321981534091,4699.7091759969035,23.760324460227267,12.42651752158335
1926-11,13.19,0.6825,1.241,17.7,3.3966666666666665,250.9082653954802,12.982933368644067,4754.587448418331,23.607062725988705,12.615251212344484
1926-12,13.49,0.69,1.24,17.7,3.3683333333333327,256.6150492937853,13.125602966101694,4883.455152194643,23.58804011299435,13.00905272899313
1927-01,13.4,0.6967,1.229,17.5,3.34,257.8161914285714,13.404517952857143,4927.570857669016,23.645977557142857,13.185930628677788
1927-02,13.66,0.7033,1.218,17.4,3.339166666666666,264.3290468390805,13.609269300287357,5073.725150301945,23.5690175,13.633966132216214
1927-03,13.87,0.71,1.208,17.3,3.3383333333333334,269.9440732658959,13.81833395953757,5203.607344196407,23.5106301734104,14.033257507604489
1927-04,14.21,0.7167,1.197,17.3,3.3375,276.56130361271676,13.948732322254333,5353.572156428486,23.296543309248555,14.488222209157053
1927-05,14.7,0.7233,1.186,17.4,3.336666666666667,284.4536594827586,13.996281081896553,5528.927388916803,22.949798649425286,15.00234705573711
1927-06,14.89,0.73,1.175,17.6,3.3358333333333334,284.85606377840907,13.965408096590908,5559.369399837921,22.47856782670454,15.120333481747528
1927-07,15.22,0.7367,1.164,17.3,3.335,296.21837023121384,14.33798116618497,5804.439731236955,22.654282716763003,15.820802594477753
1927-08,16.03,0.7433,1.153,17.2,3.3341666666666665,313.79680276162793,14.55054045494186,6172.651522765068,22.57066210755814,16.86286185276381
1927-09,16.94,0.75,1.143,17.3,3.3333333333333335,329.6937708092485,14.596831647398842,6509.286162404973,22.245571430635835,17.818723713516427
1927-10,16.68,0.7567,1.132,17.4,3.3325,322.76782586206895,14.642590757183909,6396.635495498828,21.90486683908046,17.537237852261086
1927-11,17.06,0.7633,1.121,17.3,3.3316666666666666,332.0292638728323,14.855682128612717,6604.713572180658,21.81739770231214,18.13130143495243
1927-12,17.46,0.77,1.11,17.3,3.3308333333333335,339.8142407514451,14.986080491329478,6784.413917027505,21.60331083815029,18.64662402140253
1928-01,17.53,0.7767,1.133,17.3,3.33,341.1766117052023,15.11647885404624,6836.7638692022765,22.050947008670516,18.80612857170077
1928-02,17.32,0.7833,1.155,17.1,3.3525,341.03206608187133,15.423234258771927,6859.6225871349,22.74203442982456,18.868850519584047
1928-03,18.25,0.79,1.177,17.1,3.375,359.34383406432744,15.555157748538011,7254.024482420994,23.175216038011694,19.943417799064555
1928-04,19.4,0.7967,1.2,17.1,3.3975,381.9874181286549,15.687081238304092,7737.516807364164,23.62808771929824,21.257909249487504
1928-05,20,0.8033,1.222,17.2,3.42,391.51191860465116,15.725076210755814,7956.9884408766675,23.921378226744185,21.832732178740038
1928-06,19.02,0.81,1.245,17.1,3.4425,374.5051903508771,15.948959210526313,7638.359912520508,24.51414100877193,20.91342157686671
1928-07,19.16,0.8167,1.268,17.1,3.465,377.26180058479525,16.080882700292396,7721.91535062772,24.967012690058475,21.0819054352968
1928-08,19.78,0.8233,1.29,17.1,3.4875,389.46964590643273,16.210837182748538,7999.440155415656,25.400194298245612,21.76213150257925
1928-09,21.17,0.83,1.312,17.3,3.51,412.01990130057806,16.153827023121387,8490.256024902172,25.53472416184971,23.004649446159245
1928-10,21.6,0.8367,1.335,17.2,3.5324999999999998,422.8328720930233,16.37890111482558,8741.198545107054,26.13342056686046,23.57834423958505
1928-11,23.06,0.8433,1.357,17.2,3.555,451.41324215116276,16.508100047965115,9360.47806379287,26.56408367732558,25.121984571109603
1928-12,23.15,0.85,1.38,17.1,3.5775,455.8251922514619,16.736562134502922,9480.884694090928,27.172300877192978,25.301591027426152
1929-01,24.86,0.86,1.399,17.1,3.6,489.49521725146184,16.933462865497074,10210.551053916932,27.54641226608187,27.08319962083278
1929-02,24.99,0.87,1.418,17.1,3.5741666666666667,492.05492675438586,17.130363596491225,10293.722276298999,27.920523654970758,27.13167279824739
1929-03,25.43,0.88,1.438,17,3.5483333333333333,503.66396220588234,17.429189411764707,10566.966411858693,28.480879970588234,27.675748437861888
1929-04,25.28,0.89,1.457,16.9,3.5225,503.6557585798817,17.731551627218934,10597.795244038463,29.027944630177515,27.568454472898306
1929-05,25.66,0.9,1.476,17,3.4966666666666666,508.21931852941174,17.825307352941174,10725.076796886806,29.233504058823527,27.698586875008132
1929-06,26.15,0.91,1.495,17.1,3.470833333333333,514.8954115497075,17.917966520467832,10897.474626720123,29.43665928362573,27.93546783028869
1929-07,28.48,0.92,1.514,17.3,3.4450000000000003,554.2903537572254,17.90544682080925,11762.826539297172,29.46613748554913,29.933289406842203
1929-08,30.1,0.93,1.533,17.3,3.4191666666666665,585.8195101156068,18.100071242774565,12463.928998934001,29.835923887283233,31.480313247172997
1929-09,31.3,0.94,1.552,17.3,3.3933333333333335,609.174440751445,18.29469566473988,12993.266404370457,30.205710289017336,32.5637885987767
1929-10,27.99,0.95,1.572,17.3,3.3674999999999997,544.7537570809247,18.4893200867052,11652.08179708227,30.594959132947974,28.961067164354795
1929-11,20.58,0.96,1.591,17.3,3.341666666666667,400.53706040462424,18.683944508670518,8600.643441504812,30.964745534682077,21.171036000097043
1929-12,21.4,0.97,1.61,17.2,3.315833333333333,418.9177529069767,18.98832805232558,9029.305653622192,31.516709447674423,22.00737317641833
1930-01,21.71,0.9708,1.557,17.1,3.29,427.47148698830404,19.115122964912278,9248.005631965,30.65744381578947,22.310724294336847
1930-02,23.07,0.9717,1.503,17,3.2941666666666665,456.9220451470588,19.245390172058823,9919.841593388039,29.76826327941176,23.69711774933588
1930-03,23.94,0.9725,1.45,16.9,3.2983333333333333,476.9588156804734,19.375206693786982,10389.895892115384,28.88848298816568,24.58660779266885
1930-04,25.46,0.9733,1.397,17,3.3024999999999998,504.2581391176471,19.277079607352942,11019.568076412848,27.66883819117647,25.84343686201831
1930-05,23.94,0.9742,1.343,16.9,3.3066666666666666,476.9588156804734,19.409075949704143,10458.340744038047,26.756712174556213,24.309760633908176
1930-06,21.52,0.975,1.29,16.8,3.310833333333333,431.29698690476187,19.540639508928567,9492.813476279653,25.85376919642857,21.866899333389483
1930-07,21.06,0.9758,1.237,16.6,3.3150000000000004,427.16308825301195,19.792295418674698,9438.128926752828,25.090253569277106,21.54879759254665
1930-08,20.79,0.9767,1.183,16.5,3.319166666666667,424.24231499999996,19.93061419242424,9410.291801636095,24.14038762121212,21.300602241118156
1930-09,20.78,0.9775,1.13,16.6,3.3233333333333333,421.4838069277108,19.82677676957831,9385.753027554965,22.919956777108432,21.072581788447316
1930-10,17.92,0.9783,1.077,16.5,3.3275,365.6768775757576,19.96326391363636,8180.070011874227,21.97734359090909,18.21487015465863
1930-11,16.62,0.9792,1.023,16.4,3.3316666666666666,341.21696067073174,20.103468585365853,7670.385472085478,21.00270461890244,16.93971137777517
1930-12,15.51,0.98,0.97,16.1,3.3358333333333325,324.3615451863354,20.494797826086952,7329.876946744662,20.285667236024842,16.055001856531327
1931-01,15.98,0.9667,0.94,15.9,3.34,338.3943393081761,20.470951677672954,7685.538046452078,19.90554937106918,16.705478731547615
1931-02,17.2,0.9533,0.91,15.7,3.3683333333333327,368.8690636942675,20.444353396496815,8416.367278265003,19.515746974522294,18.16149243697609
1931-03,17.53,0.94,0.88,15.6,3.3966666666666665,378.35611426282054,20.288348397435897,8671.406334659208,18.993347435897437,18.57956103279129
1931-04,15.86,0.9267,0.85,15.5,3.425,344.5203848387097,20.13033043064516,7934.384187922898,18.464207258064516,16.87231533160967
1931-05,14.33,0.9133,0.82,15.3,3.453333333333333,315.3538942810457,20.098584204248365,7301.2460814286615,18.04537287581699,15.40153999911011
1931-06,13.87,0.9,0.79,15.1,3.4816666666666665,309.2736733443708,20.068226821192052,7199.19269103625,17.615443543046357,15.062476074643248
1931-07,14.33,0.8867,0.76,15.1,3.51,319.53076705298014,19.77166302483444,7476.307974704011,16.94650264900662,15.516750095516322
1931-08,13.9,0.8733,0.73,15.1,3.5383333333333336,309.94261423841056,19.472869425496686,7289.935042654908,16.277561754966886,15.006276602886544
1931-09,11.83,0.86,0.7,15,3.566666666666667,265.54426383333333,19.304147666666665,6283.510269447966,15.712678333333333,12.817745261106886
1931-10,10.25,0.8467,0.67,14.9,3.595,231.62265520134227,19.13316118624161,5518.559991995392,15.140212583892618,11.145926407660932
1931-11,10.39,0.8333,0.64,14.7,3.6233333333333335,237.98065289115647,19.086552267006805,5707.939201407776,14.659058503401361,11.415600295644676
1931-12,8.44,0.82,0.61,14.6,3.651666666666667,194.64041849315066,18.91056198630137,4706.22586106289,14.067613184931506,9.306032867968318
1932-01,8.3,0.7933,0.5933,14.3,3.68,195.42741783216783,18.678622959790207,4762.8907695944345,13.969528554195804,9.312406455177845
1932-02,8.23,0.7667,0.5767,14.1,3.649166666666667,196.52787641843972,18.308374586879435,4826.894564671579,13.771279019503545,9.336932251008406
1932-03,8.26,0.74,0.56,14,3.6183333333333336,198.6531475,17.797013214285712,4915.518895964434,13.468010000000001,9.413065028012213
1932-04,6.28,0.7133,0.5433,13.9,3.5875000000000004,152.12068848920862,17.278294124100718,3799.7372640366134,13.160377397482012,7.192233196115489
1932-05,5.51,0.6867,0.5267,13.7,3.5566666666666666,135.41739981751826,16.876792822992698,3417.6448559659875,12.944527129562042,6.390857289881446
1932-06,4.77,0.66,0.51,13.6,3.525833333333334,118.09266121323529,16.33986507352941,3014.7708590195857,12.626259375,5.5650593715289665
1932-07,5.01,0.6333,0.4933,13.6,3.495,124.03443033088234,15.678843259191176,3199.8126909377115,12.21281127389706,5.838763671851203
1932-08,7.53,0.6067,0.4767,13.5,3.464166666666667,187.80391722222222,15.131558642592593,4877.453802435919,11.88925993888889,8.834653205181215
1932-09,8.26,0.58,0.46,13.4,3.4333333333333336,207.5480645522388,14.57359291044776,5421.769757940564,11.558366791044776,9.761168564063714
1932-10,7.12,0.5533,0.4433,13.3,3.4025,180.248554887218,14.007236716165412,4739.118303144239,11.222497806390978,8.478606607689084
1932-11,7.05,0.5267,0.4267,13.2,3.3716666666666666,179.82854261363636,13.434850126893938,4757.511187496785,10.88409065719697,8.4633095671229
1932-12,6.82,0.5,0.41,13.1,3.3408333333333338,175.28974847328246,12.851154580152672,4665.7659931388,10.53794675572519,8.257073999100685
1933-01,7.09,0.495,0.4125,12.9,3.31,185.05463352713176,12.919893313953487,4954.340209771544,10.766577761627907,8.728046162813532
1933-02,6.25,0.49,0.415,12.7,3.2941666666666674,165.69894192913387,12.990797047244094,4465.126418692492,11.00240974409449,7.826051751316601
1933-03,6.23,0.485,0.4175,12.6,3.2783333333333333,166.47956805555555,12.960287400793652,4515.265772123132,11.156536061507936,7.87468132294317
1933-04,6.89,0.48,0.42,12.6,3.2624999999999997,184.11624781746033,12.82667619047619,5022.599004945957,11.223341666666665,8.723101646068114
1933-05,8.87,0.475,0.4225,12.6,3.2466666666666666,237.02628710317455,12.693064980158729,6494.8134084881085,11.290147271825395,11.249651251932447
1933-06,10.39,0.47,0.425,12.7,3.2308333333333334,275.4579210629921,12.460560433070865,7576.3406064492465,11.267528051181102,13.098875517269521
1933-07,11.23,0.465,0.4275,13.1,3.215,288.63693187022903,11.951573759541985,7966.216637058145,10.987737166030534,13.754304493874537
1933-08,10.67,0.46,0.43,13.2,3.1991666666666667,272.16603541666666,11.73349356060606,7538.615662407595,10.96826571969697,12.999527050367744
1933-09,10.58,0.455,0.4325,13.2,3.1833333333333336,269.87035189393936,11.605955587121212,7501.817515039547,11.032034706439394,12.922920614885998
1933-10,9.55,0.45,0.435,13.2,3.1675000000000004,243.59752935606065,11.478417613636363,6798.078962707154,11.095803693181818,11.696253568143701
1933-11,9.78,0.445,0.4375,13.2,3.151666666666667,249.46427613636362,11.350879640151515,6988.199757432077,11.159572679924244,12.01176619338994
1933-12,9.97,0.44,0.44,13.2,3.1358333333333333,254.3107191287879,11.223341666666668,7150.162123998328,11.223341666666668,12.28180162260112
1934-01,10.54,0.4408,0.4442,13.2,3.12,268.85004810606057,11.243747742424242,7585.291682610889,11.33047356439394,13.025119828332382
1934-02,11.32,0.4417,0.4483,13.3,3.0925,286.57494962406014,11.181992513157892,8111.669758259119,11.349076847744358,13.926922904274301
1934-03,10.74,0.4425,0.4525,13.3,3.065,271.89178082706763,11.202245159774437,7722.478005833811,11.455403242481202,13.254537629740089
1934-04,10.92,0.4433,0.4567,13.3,3.0375000000000005,276.44862631578945,11.222497806390978,7878.467507638491,11.561729637218045,13.518389284490096
1934-05,9.81,0.4442,0.4608,13.3,3.0100000000000002,248.34807913533834,11.245282033834584,7104.340737683884,11.665524451127819,12.181583235024027
1934-06,9.94,0.445,0.465,13.4,2.9825,249.76123022388057,11.181463526119401,7171.420985728468,11.684001212686567,12.28772648395243
1934-07,9.47,0.4458,0.4692,13.4,2.955,237.95159458955226,11.201565033582087,6859.132296224187,11.78953412686567,11.741524229318246
1934-08,9.1,0.4467,0.4733,13.4,2.9275,228.65464738805966,11.224179229477611,6618.102966775821,11.892554352611938,11.31502598182905
1934-09,8.88,0.4475,0.4775,13.6,2.9000000000000004,219.8454573529412,11.07892366727941,6389.854794973697,11.821644806985294,10.909954083288845
1934-10,8.95,0.4483,0.4817,13.5,2.8724999999999996,223.21979537037035,11.180942375925925,6515.012015927565,12.013963735185186,11.108352605351728
1934-11,9.2,0.4492,0.4858,13.5,2.8449999999999998,229.45498518518514,11.203389059259258,6724.2445992174835,12.116220848148147,11.4488086902057
1934-12,9.26,0.45,0.49,13.4,2.8175,232.674948880597,11.307097947761193,6846.219712658432,12.312173320895521,11.639337566475886
1935-01,9.26,0.45,0.57,13.6,2.79,229.25325845588236,11.140817095588234,6772.857262666115,14.111701654411762,11.495907968201598
1935-02,8.98,0.45,0.65,13.7,2.7783333333333333,220.69841204379563,11.059497262773721,6547.348055200509,15.974829379562046,11.087812159055561
1935-03,8.41,0.45,0.73,13.7,2.7666666666666666,206.68971551094893,11.059497262773721,6159.100522973976,17.94096222627737,10.398272404790031
1935-04,9.04,0.446667,0.756667,13.8,2.755,220.56306231884057,10.898035548315217,6599.571619428442,18.461591888894926,11.104210207149519
1935-05,9.75,0.443333,0.783333,13.8,2.743333333333333,237.88604619565214,10.816690719800723,7144.871749243029,19.112204125597824,11.98557668348009
1935-06,10.12,0.44,0.81,13.7,2.731666666666667,248.71580510948905,10.813730656934307,7497.2076669841035,19.9070950729927,12.539519324443887
1935-07,10.65,0.44,0.793333,13.7,2.72,261.7414352189781,10.813730656934307,7917.0117853593665,19.497475871040148,13.202137936511004
1935-08,11.37,0.44,0.776667,13.7,2.708333333333333,279.43663083941607,10.813730656934307,8479.503702503835,19.087881245748175,14.105056846668951
1935-09,11.61,0.44,0.76,13.7,2.6966666666666668,285.335029379562,10.813730656934307,8685.835806669127,18.67826204379562,14.418891702707425
1935-10,11.92,0.45,0.76,13.7,2.685,292.9537941605839,11.059497262773721,8945.812373664608,18.67826204379562,14.82623262711408
1935-11,13.04,0.46,0.76,13.8,2.6733333333333333,318.1573376811594,11.223341666666666,9744.003084545142,18.542912318840578,16.12960516325114
1935-12,13.04,0.47,0.76,13.8,2.6616666666666666,318.1573376811594,11.467327355072461,9773.26996497546,18.542912318840578,16.159192714615322
1936-01,13.76,0.48,0.77,13.8,2.65,335.7243072463768,11.71131304347826,10342.87772367035,18.786898007246375,17.087359845997234
1936-02,14.55,0.49,0.78,13.8,2.6525,354.99917663043476,11.955298731884056,10967.3840881628,19.03088369565217,18.10453645951778
1936-03,14.86,0.5,0.79,13.7,2.6550000000000002,365.20917627737225,12.288330291970803,11314.449374380129,19.41556186131387,18.66047820392601
1936-04,14.88,0.516667,0.82,13.7,2.6574999999999998,365.7007094890511,12.697949493923359,11362.46008806768,20.152861678832117,18.718999665151493
1936-05,14.09,0.533333,0.85,13.7,2.66,346.2851476277372,13.107544119215326,10793.149230603902,20.890161496350363,17.750192519328635
1936-06,14.69,0.55,0.88,13.8,2.6625,358.4149762681159,13.41921286231884,11206.071015492762,21.470740579710146,18.39300106583134
1936-07,15.56,0.57,0.9,13.9,2.665,376.9104956834532,13.807132553956832,11820.319194114263,21.800735611510788,19.360464512319123
1936-08,15.87,0.59,0.92,14,2.6675000000000004,381.67378339285716,14.189510535714286,12006.784222961009,22.12601642857143,19.623060162983748
1936-09,16.05,0.61,0.94,14,2.67,386.00278660714287,14.670510892857141,12181.426064473306,22.607016785714283,19.862024243287628
1936-10,16.89,0.646667,0.966667,14,2.6725000000000003,406.2048016071429,15.552352897625,12859.858572151012,23.248358611910714,20.913091852533118
1936-11,17.36,0.683333,0.993333,14,2.675,417.50831,16.434170852374997,13261.068203513825,23.88967638808929,21.49976534102415
1936-12,17.06,0.72,1.02,14,2.6774999999999998,410.2933046428571,17.316012857142855,13077.73546337308,24.531018214285716,21.125663548155433
1937-01,17.59,0.73,1.05,14.1,2.68,420.0395317375886,17.431998758865248,13434.690273710203,25.073422872340426,21.618741582953497
1937-02,18.11,0.74,1.08,14.1,2.67,432.4568459219858,17.670793262411348,13878.949029208106,25.789806382978725,22.24422155280515
1937-03,18.09,0.75,1.11,14.2,2.66,428.937149471831,17.783463908450702,13813.551278039027,26.319526584507045,22.042197016050565
1937-04,17.01,0.78,1.13,14.3,2.6500000000000004,400.5084791958042,18.36546818181818,12947.317455572693,26.60638339160839,20.55657945743285
1937-05,16.25,0.81,1.15,14.4,2.64,379.9568793402778,18.9393890625,12333.963240221012,26.889256076388882,19.4741746865721
1937-06,15.64,0.84,1.17,14.4,2.63,365.69388263888885,19.64084791666666,11924.096154084435,27.356895312499997,18.711659960364955
1937-07,16.57,0.816667,1.18667,14.5,2.62,384.767113275862,18.963585039086208,12597.541027138284,27.555316252931032,19.646723279607624
1937-08,16.74,0.793333,1.20333,14.5,2.6100000000000003,388.7146334482758,18.42175306436207,12777.047307117386,27.942173229827585,19.80698257738096
1937-09,14.37,0.77,1.22,14.6,2.6,331.396067979452,17.757478938356165,10941.627141588702,28.135226369863013,16.847882862705813
1937-10,12.28,0.78,1.19,14.6,2.59,283.19719657534245,17.988095547945207,9399.748577794888,27.44337654109589,14.361659574753357
1937-11,11.2,0.79,1.16,14.5,2.58,260.0719172413793,18.344358448275862,8682.924926704729,26.936019999999996,13.158119166486069
1937-12,11.02,0.8,1.13,14.4,2.57,257.6692190972222,18.705569444444446,8654.749926425862,26.421616840277775,13.008483033706138
1938-01,11.31,0.793333,1.07667,14.2,2.56,268.17463573943667,18.810945030510563,9060.26501422177,25.529229448415496,13.511461918562418
1938-02,11.04,0.786667,1.02333,14.1,2.5433333333333334,263.6291319148936,18.785175572109928,8959.583431190733,24.436557931382982,13.263076236460865
1938-03,10.31,0.78,0.97,14.1,2.5266666666666664,246.19713315602837,18.625971276595745,8419.898378496726,23.16306684397163,12.377286234697685
1938-04,9.89,0.766667,0.903333,14.2,2.51,234.50461073943663,18.1786598990669,8071.825093942792,21.419186403750004,11.789517720684183
1938-05,9.98,0.753333,0.836667,14.1,2.493333333333333,238.3169145390071,17.989177973989364,8254.647544735584,19.97914808984043,11.992275930545693
1938-06,10.21,0.74,0.77,14.1,2.4766666666666666,243.80918812056737,17.670793262411348,8495.89058420264,18.387176773049646,12.288966307788128
1938-07,12.24,0.713333,0.72,14.1,2.46,292.2844723404255,17.033999959804962,10234.547895247997,17.19320425531915,14.770328017492062
1938-08,12.31,0.686667,0.67,14.1,2.4433333333333334,293.95603386524823,16.397230536648937,10340.925526862884,15.999231737588653,14.90358851260437
1938-09,11.75,0.66,0.62,14.1,2.4266666666666667,280.58354166666663,15.760437234042552,9916.703967881098,14.805259219858156,14.28233050863997
1938-10,13.06,0.61,0.626667,14,2.4099999999999997,314.0932332142857,14.670510892857141,11144.250251905238,15.071352540482142,16.061147643333438
1938-11,13.07,0.56,0.633333,14,2.393333333333333,314.33373339285714,13.468010000000001,11192.604579185074,15.231669959517857,16.14957180071551
1938-12,12.69,0.51,0.64,14,2.3766666666666665,305.19472660714285,12.265509107142858,10903.583611665948,15.392011428571427,15.756484438994004
1939-01,12.5,0.513333,0.663333,14,2.36,300.6252232142857,12.345667816660713,10777.086360887966,15.953170495232142,15.599634410919284
1939-02,12.4,0.516667,0.686667,13.9,2.3474999999999997,300.365690647482,12.515245184658273,10805.170558899423,16.63316191127698,15.664696928954767
1939-03,12.39,0.52,0.71,13.9,2.335,300.1234602517985,12.595980575539567,10834.21671631582,17.198358093525176,15.729223743214224
1939-04,10.83,0.523333,0.726667,13.8,2.3225,264.23650054347826,12.7685762270471,9577.13747426139,17.729634823677532,13.9169945798124
1939-05,11.23,0.526667,0.743333,13.8,2.31,273.99592807971015,12.849921055561593,9969.675348519711,18.136261371974637,14.50292949965777
1939-06,11.43,0.53,0.76,13.8,2.2975000000000003,278.87564184782605,12.931241485507245,10186.439586952201,18.542912318840578,14.833828921489783
1939-07,11.71,0.54,0.776667,13.8,2.285,285.7072411231884,13.175227173913044,10476.080257622323,18.949563265706523,15.270952598570249
1939-08,11.54,0.55,0.793333,13.8,2.2725,281.5594844202898,13.41921286231884,10364.997425400166,19.35618981400362,15.120082343333973
1939-09,12.77,0.56,0.81,14.1,2.26,304.9405810283688,13.372492198581561,11266.744684726133,19.34235478723404,16.452835577060956
1939-10,12.9,0.58,0.84,14,2.2475,310.2452303571428,13.949010357142855,11505.685631544227,20.202014999999996,16.82120480626563
1939-11,12.67,0.6,0.87,14,2.2350000000000003,304.71372625,14.430010714285713,11345.141180871518,20.923515535714284,16.599238509946638
1939-12,12.37,0.62,0.9,14,2.2225,297.4987208928571,14.911011071428572,11122.775219815236,21.645016071428568,16.280412901283828
1940-01,12.3,0.623333,0.93,13.9,2.21,297.9433866906475,15.099019923255394,11186.443285503296,22.52742679856115,16.378480342613663
1940-02,12.22,0.626667,0.96,14,2.1883333333333335,293.89121821428574,15.071352540482142,11081.457623666442,23.088017142857144,16.216119847731058
1940-03,12.15,0.63,0.99,14,2.166666666666667,292.2077169642857,15.151511249999999,11065.58810579294,23.809517678571428,16.172906305307897
1940-04,12.27,0.636667,1.00667,14,2.145,295.0937191071429,15.31185271905357,11223.198130860794,24.210431476249997,16.370988707128788
1940-05,10.58,0.643333,1.02333,14,2.1233333333333335,254.4491889285714,15.472170138089286,9726.415976753648,24.611104773750004,14.138747694800726
1940-06,9.67,0.65,1.04,14.1,2.1016666666666666,230.914284929078,15.521642730496454,8876.228803053715,24.834628368794323,12.843765598268808
1940-07,9.99,0.656667,1.05333,14,2.08,240.25967839285713,15.792853076196428,9286.050130397072,25.332605309464288,13.369884763210058
1940-08,10.2,0.663333,1.06667,14,2.0583333333333336,245.3101821428571,15.953170495232142,9532.634963728296,25.65343254767857,13.649399392391635
1940-09,10.63,0.67,1.08,14,2.0366666666666666,255.6516898214286,16.113511964285713,9986.681220579083,25.974019285714288,14.21484259862064
1940-10,10.73,0.67,1.07,14,2.015,258.05669160714285,16.113511964285713,10133.083649886725,25.733519107142858,14.328290323104955
1940-11,10.98,0.67,1.06,14,1.9933333333333334,264.06919607142856,16.113511964285713,10421.903291041466,25.493018928571427,14.636689248763608
1940-12,10.53,0.67,1.05,14.1,1.9716666666666665,251.45061223404252,15.999231737588653,9976.510725956696,25.073422872340426,13.908426122353836
1941-01,10.55,0.673333,1.05333,14.1,1.95,251.92820124113476,16.078821945620565,10048.621176026896,25.152941442021277,13.904158267950828
1941-02,9.89,0.676667,1.05667,14.1,1.9925,236.16776400709222,16.158436033102838,9473.696141518094,25.232698806205672,13.00294330340245
1941-03,9.95,0.68,1.06,14.2,2.035,235.92728785211264,16.123673943661974,9517.948727490804,25.133962323943663,12.95571982206333
1941-04,9.64,0.683333,1.07,14.3,2.0775,226.97835034965036,16.089398037290206,9211.015080651468,25.19365506993007,12.429370389220786
1941-05,9.43,0.686667,1.08,14.4,2.12,220.49189982638887,16.055621567135418,9002.084379472559,25.25251875,12.03720651248158
1941-06,9.76,0.69,1.09,14.7,2.1625,223.55064217687075,15.804297448979591,9180.735046600405,24.966209013605443,12.164306590628442
1941-07,10.26,0.693333,1.12333,14.7,2.205,235.00303163265306,15.880639077091837,9705.408175456852,25.729625294727892,12.744996277919583
1941-08,10.21,0.696667,1.15667,14.9,2.2474999999999996,230.71876191275166,15.742815642063757,9582.652104913668,26.13765625285235,12.463173720387806
1941-09,10.24,0.7,1.19,15.1,2.29,228.33182516556292,15.608620860927152,9537.537210935665,26.534655463576158,12.279729272093082
1941-10,9.83,0.703333,1.18,15.3,2.3325,216.32440898692806,15.477934440081697,9089.858061386933,25.967731699346402,11.577814956574075
1941-11,9.37,0.706667,1.17,15.4,2.3750000000000004,204.8624248376623,15.4503217900487,8662.331766755568,25.580473538961037,10.911668685916963
1941-12,8.76,0.71,1.16,15.5,2.4175,190.28994774193546,15.423043709677417,8100.49941559451,25.198212258064512,10.086593309917903
1942-01,8.93,0.703333,1.12,15.7,2.46,191.5116708598726,15.083592161353502,8206.015340626138,24.01938089171975,10.10168643192925
1942-02,8.65,0.696667,1.08,15.8,2.4608333333333334,184.33273180379746,14.846072978908227,7951.41871341501,23.014953797468355,9.680255591749363
1942-03,8.18,0.69,1.04,16,2.461666666666667,172.1380028125,14.520198281249998,7477.5796538854565,21.88551625,9.00342661776097
1942-04,7.84,0.68,1.02,16.1,2.4625,163.95838260869562,14.220880124223601,7173.740406102707,21.331320186335404,8.544255707588261
1942-05,7.93,0.67,1,16.3,2.4633333333333334,163.80570444785275,13.839826226993864,7217.521861162961,20.656457055214723,8.506116259696054
1942-06,8.33,0.66,0.98,16.3,2.4641666666666664,172.06828726993865,13.633261656441716,7631.641967951001,20.243327914110427,8.905456928518054
1942-07,8.64,0.646667,0.966667,16.4,2.465,177.38354634146344,13.276398815045733,7916.45649426507,19.84615979065549,9.150488900994745
1942-08,8.59,0.633333,0.953333,16.5,2.4658333333333338,175.28819075757576,12.923841177772728,7871.007676617741,19.45378542019697,9.012823047564297
1942-09,8.68,0.62,0.94,16.5,2.466666666666667,177.12473757575756,12.65176696969697,8000.816689522766,19.18171121212121,9.077829839371503
1942-10,9.32,0.61,0.97,16.7,2.4675000000000002,187.90696586826348,12.298631886227545,8534.150193942633,19.556840868263475,9.599176749352988
1942-11,9.47,0.6,1,16.8,2.4683333333333337,189.7947242559524,12.025008928571426,8665.397854292965,20.041681547619046,9.661334152171658
1942-12,9.52,0.59,1.03,16.9,2.4691666666666667,189.66783313609469,11.754624112426036,8704.327523552081,20.52078446745562,9.617514103283177
1943-01,10.09,0.59,1.04333,16.9,2.47,201.02399541420118,11.754624112426036,9270.444063292907,20.786359280029586,10.150534220432082
1943-02,10.69,0.59,1.05667,16.9,2.470833333333333,212.977850443787,11.754624112426036,9866.882444966608,21.05213332352071,10.70898299522127
1943-03,11.07,0.59,1.07,17.2,2.4716666666666667,216.70184694767443,11.549601598837208,10083.997898074984,20.94588764534884,10.850541744036803
1943-04,11.44,0.59,1.08,17.4,2.4725,221.37073908045977,11.416847557471264,10345.532604935974,20.898636206896555,11.039227142939692
1943-05,11.89,0.59,1.09,17.5,2.4733333333333336,228.76376985714285,11.351608428571428,10735.247061180353,20.971615571428572,11.362215800613694
1943-06,12.1,0.59,1.1,17.5,2.474166666666667,232.80417285714285,11.351608428571428,10969.243545342611,21.164015714285714,11.516744786451232
1943-07,12.35,0.593333,1.09333,17.4,2.475,238.97977514367818,11.481343070876436,11305.306348360018,21.15657955933908,11.774213341781659
1943-08,11.74,0.596667,1.08667,17.3,2.475833333333333,228.48907138728322,11.612596998078033,10854.806764601242,21.1492520617052,11.210545904158966
1943-09,11.99,0.6,1.08,17.4,2.4766666666666666,232.01356307471264,11.61035344827586,11068.208749986892,20.898636206896555,11.336281939610283
1943-10,11.88,0.603333,1.03333,17.4,2.4775,229.8849982758621,11.674848961681034,11013.07794681601,19.995544214511494,11.187335503326029
1943-11,11.33,0.606667,0.986667,17.4,2.4783333333333335,219.2421742816092,11.739363825675287,10550.079605835197,19.09258767625,10.631033673001419
1943-12,11.48,0.61,0.94,17.4,2.479166666666667,222.14476264367818,11.80385933908046,10737.0882249148,18.189553735632185,10.73736031604107
1944-01,11.85,0.613333,0.936667,17.4,2.48,229.30448060344827,11.868354852485634,11130.947706991405,18.12505822222701,11.052412763977472
1944-02,11.77,0.616667,0.933333,17.4,2.470833333333333,227.75643347701148,11.932869716479885,11104.072730415564,18.06054335823276,10.947918887724724
1944-03,12.1,0.62,0.93,17.4,2.461666666666667,234.14212787356323,11.997365229885059,11464.145323911058,17.99604784482759,11.224693196180686
1944-04,11.89,0.623333,0.926667,17.5,2.4525,228.76376985714285,11.992935824757142,11249.741868352243,17.829086318099996,10.938275188239402
1944-05,12.1,0.626667,0.923333,17.5,2.4433333333333334,232.80417285714285,12.057082032385713,11497.843855285675,17.76494011047143,11.103736936792624
1944-06,12.67,0.63,0.92,17.6,2.4341666666666666,242.3859186079545,12.05233849431818,12020.67558628503,17.60024034090909,11.532785272532506
1944-07,13,0.633333,0.913333,17.7,2.425,247.2939689265537,12.047648555550849,12313.871194709149,17.373980193968926,11.738774750180719
1944-08,12.81,0.636667,0.906667,17.7,2.4158333333333335,243.6796724576271,12.11106994727401,12184.154586427,17.24717545574859,11.54171167420922
1944-09,12.6,0.64,0.9,17.7,2.4066666666666667,239.68492372881354,12.17447231638418,12035.142027082198,17.120351694915254,11.32856058469647
1944-10,12.91,0.64,0.91,17.7,2.3975,245.58193375706216,12.17447231638418,12382.18712786314,17.310577824858758,11.583105186279122
1944-11,12.82,0.64,0.92,17.7,2.3883333333333336,243.86989858757062,12.17447231638418,12347.019542423817,17.50080395480226,11.478459198055475
1944-12,13.1,0.64,0.93,17.8,2.3791666666666664,247.79625140449434,12.106076404494381,12596.88604423328,17.591642275280897,11.638683593355124
1945-01,13.49,0.643333,0.94,17.8,2.37,255.17339171348314,12.169122580519662,13023.459957569836,17.780799719101122,11.960463439806988
1945-02,13.94,0.646667,0.95,17.8,2.355,263.6854766853932,12.232187672289324,13509.92230962851,17.969957162921347,12.341753548186308
1945-03,13.93,0.65,0.96,17.8,2.3400000000000003,263.496319241573,12.295233848314606,13552.726343727647,18.15911460674157,12.323310311389324
1945-04,14.28,0.65,0.973333,17.8,2.325,270.1168297752809,12.295233848314606,13945.946747933673,18.411318226587078,12.631867236563073
1945-05,14.82,0.65,0.986667,17.9,2.31,278.7652349162011,12.226545391061453,14445.061989685057,18.559275171326817,13.036560628785349
1945-06,15.09,0.65,1,18.1,2.295,280.7075564917127,12.091445441988949,14597.922139150418,18.602223756906074,13.13022336140605
1945-07,14.78,0.653333,0.996667,18.1,2.2800000000000002,274.9408671270718,12.153446653770716,14350.700104178572,18.54022254512431,12.867028443009152
1945-08,14.83,0.656667,0.993333,18.1,2.265,275.87097831491707,12.215466467776242,14452.38059159297,18.478202731118785,12.915378562256734
1945-09,15.84,0.66,0.99,18.1,2.25,294.65922430939224,12.27746767955801,15490.262272648031,18.416201519337015,13.798264951719775
1945-10,16.5,0.66,0.98,18.1,2.2350000000000003,306.93669198895026,12.27746767955801,16189.475500232838,18.230179281767953,14.374662675391335
1945-11,17.04,0.66,0.97,18.1,2.2199999999999998,316.98189281767947,12.27746767955801,16773.277798574567,18.044157044198894,14.847702661876774
1945-12,17.33,0.66,0.96,18.2,2.205,320.6052380494505,12.210009065934067,17018.850813086086,17.760013186813186,15.020347474739957
1946-01,18.02,0.666667,0.94,18.2,2.19,333.37024752747254,12.333348657513737,17751.020417564643,17.39001291208791,15.623163177761665
1946-02,18.07,0.673333,0.92,18.1,2.195,336.14218328729277,12.525491128908836,17954.19704425888,17.114045856353588,15.761666525801903
1946-03,17.53,0.68,0.9,18.3,2.2,322.5330810109289,12.511266120218579,17282.988935557514,16.559028688524588,15.134873415142529
1946-04,18.66,0.68,0.88,18.4,2.205,341.457970923913,12.443270108695653,18352.646876356317,16.10305543478261,16.04084238621591
1946-05,18.7,0.68,0.86,18.5,2.21,340.3402527027027,12.37600918918919,18348.003911705233,15.65201162162162,16.013723170832176
1946-06,18.58,0.68,0.84,18.7,2.215,334.53960668449196,12.243645454545456,18090.291997687127,15.124503208556147,15.77318688012874
1946-07,18.05,0.683333,0.856667,19.8,2.2199999999999998,306.941389520202,11.620120804709595,16650.276577615237,14.567676417512626,14.508136111909065
1946-08,17.7,0.686667,0.873333,20.2,2.225,295.02942698019797,11.445591612215347,16055.84241219694,14.55700195214109,13.984939309942755
1946-09,15.09,0.69,0.89,20.4,2.23,249.0591555147059,11.388390808823528,13605.734555674131,14.689373651960784,11.841267540149632
1946-10,14.75,0.696667,0.946667,20.8,2.235,238.7658022836538,11.277305435901441,13094.762388715882,15.324183440709133,11.387602961765042
1946-11,14.69,0.703333,1.00333,21.3,2.24,232.21251983568072,11.117952907664318,12786.16949202354,15.860162527347418,11.110043656743292
1946-12,15.13,0.71,1.06,21.5,2.245,236.94301313953486,11.118938488372091,13097.661203246178,16.60010534883721,11.372779425862705
1947-01,15.21,0.713333,1.13,21.5,2.25,238.19585127906976,11.171134857360464,13218.374734388566,17.696338720930232,11.469296334735576
1947-02,15.8,0.716667,1.2,21.5,2.265833333333333,247.43553255813953,11.223346886825583,13783.021162644323,18.792572093023253,11.94956531420944
1947-03,15.16,0.72,1.27,21.9,2.2816666666666667,233.07652009132423,11.069597260273973,13034.558739529803,19.525539611872148,11.287903096501283
1947-04,14.6,0.733333,1.32667,21.9,2.2975,224.4668333333333,11.274584677317351,12605.614353725574,20.396809162899544,10.90082512639267
1947-05,14.34,0.746667,1.38333,21.9,2.3133333333333335,220.4694787671233,11.47958746880137,12434.853391790813,21.267924969520546,10.733674273688537
1947-06,14.84,0.76,1.44,22,2.3291666666666666,227.11962318181816,11.631463181818182,12864.602366466528,22.038561818181815,11.082715855052092
1947-07,15.77,0.77,1.47667,22.2,2.3449999999999998,239.1785109234234,11.678342004504504,13602.770923977561,22.39617829583333,11.69644655335436
1947-08,15.46,0.78,1.51333,22.5,2.360833333333333,231.3504828888889,11.672275333333333,13212.888079485627,22.64615952588889,11.33747235532983
1947-09,15.06,0.79,1.55,23,2.376666666666667,220.46546804347824,11.564921630434783,12646.264458635025,22.69066902173913,10.827463017228832
1947-10,15.45,0.806667,1.57,23,2.3925,226.17473315217387,11.808912198554347,13030.205593420691,22.983451847826085,11.132662042754784
1947-11,15.27,0.823333,1.59,23.1,2.408333333333333,222.57198344155842,12.000711122651513,12880.261383508192,23.175471753246754,10.975407324839068
1947-12,15.03,0.84,1.61,23.4,2.424166666666667,216.26516057692305,12.08667564102564,12573.573044687064,23.166128311965817,10.680912531969186
1948-01,14.83,0.843333,1.64333,23.7,2.44,210.68627457805906,11.981030883259495,12307.266473557976,23.346397545675103,10.419342657320323
1948-02,14.1,0.846667,1.67667,23.5,2.4291666666666667,202.02014999999997,12.130765556031914,11860.0853540868,24.0227748156383,9.999761169144179
1948-03,14.3,0.85,1.71,23.4,2.418333333333333,205.76126388888892,12.230564636752137,12139.55199022002,24.60501826923077,10.18668060948967
1948-04,15.4,0.85,1.76,23.8,2.4075,217.8648676470588,12.025008928571427,12912.764478519934,24.89884201680672,10.779484482024616
1948-05,16.15,0.85,1.81,23.9,2.3966666666666665,227.51920658995812,11.974695083682008,13544.117946508934,25.49905658995816,11.241032697984433
1948-06,16.82,0.85,1.86,24.1,2.3858333333333333,234.99162676348547,11.875320020746885,14047.85886789472,25.98599439834025,11.583895756523841
1948-07,16.42,0.856667,1.93,24.4,2.375,226.58270922131152,11.821311191260246,13604.061731957485,26.632437807377052,11.134621739180933
1948-08,15.94,0.863333,2,24.5,2.3641666666666667,219.06130551020408,11.864670895234692,13211.838522332966,27.48573469387755,10.723556662478135
1948-09,15.76,0.87,2.07,24.5,2.3533333333333335,216.5875893877551,11.956294591836734,13122.737352875574,28.44773540816326,10.553013689399162
1948-10,16.19,0.89,2.14333,24.4,2.3425,223.40889538934428,12.281279610655737,13598.039475421494,29.57621913247951,10.825409809169496
1948-11,15.29,0.91,2.21667,24.2,2.3316666666666666,212.73333977272728,12.661042458677686,13012.47857580106,30.84104723832645,10.248096205635575
1948-12,15.19,0.93,2.29,24.1,2.3208333333333333,212.218954253112,12.992997199170125,13047.24429515191,31.99350923236514,10.159652938900917
1949-01,15.36,0.946667,2.32,24,2.31,215.48816,13.280958981947917,13316.278318326926,32.54769083333333,10.248285758038984
1949-02,14.77,0.963333,2.35,23.8,2.3108333333333335,208.95221397058822,13.628338736691175,12982.565101329945,33.245612920168064,9.872517140570059
1949-03,14.91,0.98,2.38,23.8,2.3116666666666665,210.93280367647057,13.864127941176468,13177.406125757489,33.670024999999995,9.901332491240922
1949-04,14.89,0.993333,2.38667,23.9,2.3125,209.76848211297073,13.993952695951885,13177.521146882522,33.62311237102511,9.783639867544059
1949-05,14.78,1.00667,2.39333,23.8,2.3133333333333335,209.09368466386553,14.241430280147057,13209.68392939304,33.85860543413866,9.692295086395815
1949-06,13.97,1.02,2.4,23.9,2.314166666666667,196.80763566945606,14.369634100418411,12509.152823099566,33.81090376569038,9.067718943419534
1949-07,14.76,1.02667,2.39667,23.7,2.315,209.69180126582276,14.585655935337552,13405.330008687304,34.048919331962026,9.605038093363923
1949-08,15.29,1.03333,2.39333,23.8,2.3158333333333334,216.3086900210084,14.618591148424368,13906.218280477418,33.85860543413866,9.851348638079234
1949-09,15.49,1.04,2.39,23.9,2.3166666666666664,218.22120805439332,14.651391631799163,14107.665021916308,33.670025,9.884048361738289
1949-10,15.89,1.07333,2.36667,23.7,2.3175,225.74544187763715,15.248543431751052,14676.244721379997,33.62271648386076,10.169850844772144
1949-11,16.11,1.10667,2.34333,23.8,2.3183333333333334,227.90928686974786,15.656137212920166,14901.741605454265,33.151251967752096,10.215861011650645
1949-12,16.54,1.14,2.32,23.6,2.3191666666666664,235.9755141949152,16.264334110169486,15517.767741481275,33.09934661016948,10.529330904131148
1950-01,16.88,1.15,2.33667,23.5,2.32,241.85107319148932,16.476820744680847,15994.438029484672,33.479037156063825,10.745733299747908
1950-02,17.21,1.16,2.35333,23.5,2.3408333333333333,246.57920436170215,16.620097446808508,16398.720823278916,33.71773614180851,10.911564066731682
1950-03,17.35,1.17,2.37,23.6,2.361666666666667,247.53175158898304,16.69234290254237,16554.580054850187,33.81269459745762,10.910946522976257
1950-04,17.84,1.18,2.42667,23.6,2.3825,254.52256186440673,16.835012499999998,17115.940934712056,34.621203206249994,11.178021600956095
1950-05,18.44,1.19,2.48333,23.7,2.4033333333333333,261.97268396624474,16.90604630801688,17711.68153590425,35.28007729251055,11.46154310458623
1950-06,18.74,1.2,2.54,23.8,2.4241666666666664,265.11607920168063,16.976483193277307,18019.849749433848,35.93355609243697,11.554126144044286
1950-07,17.38,1.24333,2.6,24.1,2.445,242.81536701244806,17.370519578112035,16602.46695112176,36.324508298755184,10.53974565893099
1950-08,18.43,1.28667,2.66,24.3,2.4658333333333333,255.36566286008227,17.828070397839504,17562.174337174754,36.85689979423868,11.040611670261539
1950-09,19.08,1.33,2.72,24.4,2.4866666666666664,263.288556147541,18.352923463114756,18212.234339100207,37.533798360655744,11.3373911022773
1950-10,19.87,1.37667,2.76,24.6,2.5075,271.96073038617885,18.842485088109754,18920.72183164187,37.77612560975609,11.66244403910526
1950-11,19.83,1.42333,2.8,24.7,2.5283333333333333,270.3144112348178,19.402249669331983,18918.67190590532,38.168449392712546,11.542173388716297
1950-12,19.75,1.47,2.84,25,2.549166666666667,265.9931975,19.7979747,18731.70810694414,38.249148399999996,11.306665788890763
1951-01,21.21,1.48667,2.83667,25.4,2.57,281.15796466535437,19.70717167982283,19915.28877982148,37.60265740816929,11.895759839437066
1951-02,22,1.50333,2.83333,25.7,2.5791666666666666,288.22589494163424,19.695392483754866,20532.189289159796,37.119957950680934,12.141507370682694
1951-03,21.63,1.52,2.83,25.8,2.5883333333333334,282.28009331395344,19.83660387596899,20226.38892942149,36.932624321705426,11.841626487283099
1951-04,21.92,1.53333,2.79333,25.8,2.5975,286.06470852713176,20.010565671802325,20617.056067699872,36.454066253197674,11.951097197083957
1951-05,21.93,1.54667,2.75667,25.9,2.6066666666666665,285.0902116795367,20.106724929247108,20667.58263164909,35.83673660878379,11.863875406269177
1951-06,21.55,1.56,2.72,25.9,2.6158333333333332,280.150208011583,20.280015057915058,20431.974074516744,35.36002625482626,11.615664857025179
1951-07,21.93,1.54667,2.65,25.9,2.625,285.0902116795367,20.106724929247108,20914.46178960425,34.45002557915058,11.77819009245781
1951-08,22.89,1.53333,2.58,25.9,2.6341666666666668,297.57022094594595,19.933304800482627,21951.86630211411,33.54002490347491,12.256989084145143
1951-09,23.48,1.52,2.51,26.1,2.6433333333333335,302.9012210727969,19.6085969348659,22465.680631649495,32.37998572796934,12.444953157150039
1951-10,23.36,1.48333,2.48667,26.2,2.6525000000000003,300.20297099236643,19.062503123377862,22383.375420458287,31.956580559828247,12.309457904118693
1951-11,22.71,1.44667,2.46333,26.4,2.6616666666666666,289.6387377840909,18.450536010132573,21710.338249161876,31.41681162244318,11.852030617771044
1951-12,23.41,1.41,2.44,26.5,2.6708333333333334,297.43973028301883,17.914994433962264,22406.97815001108,31.00183433962264,12.147072568106784
1952-01,24.19,1.41333,2.42667,26.5,2.68,307.35015273584906,17.95730431443396,23266.289590680524,30.832467761037734,12.527059748172304
1952-02,23.75,1.41667,2.41333,26.3,2.6925,304.0544082699619,18.13662141321293,23131.21426711996,30.89615263621673,12.364119350461094
1952-03,23.81,1.42,2.4,26.3,2.705,304.8225457224334,18.179253041825092,23304.90127951167,30.725498098859312,12.362339087390371
1952-04,23.74,1.43,2.38,26.4,2.7175000000000002,302.7751490530303,18.23793020833333,23264.566510384557,30.35403768939394,12.24272868326689
1952-05,23.73,1.44,2.36,26.4,2.7300000000000004,302.64761107954547,18.36546818181818,23372.36357509148,30.098961742424244,12.200478761945842
1952-06,24.38,1.45,2.34,26.5,2.7425,309.76423,18.423221226415095,24040.517062818057,29.731267358490562,12.447881581789373
1952-07,25.08,1.45,2.34667,26.7,2.755,316.27124606741575,18.28521956928839,24663.778853087202,29.59267324597378,12.669112889622486
1952-08,25.18,1.45,2.35333,26.7,2.7675,317.53229569288385,18.28521956928839,24880.947293945388,29.676659151029963,12.678378236328623
1952-09,24.78,1.45,2.36,26.7,2.7800000000000002,312.4880971910112,18.28521956928839,24605.09617720354,29.760771161048687,12.434678020425508
1952-10,24.26,1.43667,2.37333,26.7,2.7925,305.9306391385768,18.11712165421348,24207.64394213209,29.928869076123597,12.131183558686876
1952-11,25.03,1.42333,2.38667,26.7,2.805,315.64072125468164,17.948897634176028,25094.337044211832,30.09709309616105,12.473469765515311
1952-12,26.04,1.41,2.4,26.7,2.8175,328.3773224719101,17.780799719101122,26224.73516715825,30.265191011235952,12.933964306161375
1953-01,26.18,1.41,2.41,26.6,2.83,331.3839302631578,17.847644830827065,26583.626088056815,30.505548966165414,13.01077344799518
1953-02,25.86,1.41,2.42,26.5,2.8008333333333333,328.5686213207547,17.914994433962264,26477.5437137472,30.747720943396224,12.859346880687903
1953-03,25.99,1.41,2.43,26.6,2.7716666666666665,328.97892847744356,17.847644830827065,26630.46177134593,30.758707048872182,12.834819340092496
1953-04,24.71,1.41333,2.45667,26.6,2.83,312.7768111842105,17.88979565159774,25439.59906045528,31.09629335216165,12.163901454006801
1953-05,24.84,1.41667,2.48333,26.7,3.05,313.24472696629215,17.86491172911985,25598.74322997249,31.316023664138577,12.141970791867784
1953-06,23.95,1.42,2.51,26.8,3.11,300.8944398320895,17.840087873134326,24710.95544137623,31.534239832089547,11.624407885470085
1953-07,24.29,1.42,2.52333,26.8,2.93,305.16601016791043,17.840087873134326,25183.85124836151,31.70171051613806,11.750201645310005
1953-08,24.39,1.42,2.53667,26.9,2.95,305.2832378252788,17.77376784386617,25315.757280934118,31.750833575,11.715076201734004
1953-09,23.27,1.42,2.55,26.9,2.87,291.26449135687733,17.77376784386617,24276.070925471402,31.91768169144981,11.139349357262926
1953-10,23.97,1.43,2.53667,27,2.66,298.9149997222222,17.832642870370368,25037.577501798518,31.63323789509259,11.391934765421418
1953-11,24.5,1.44,2.52333,26.9,2.68,306.66007899628255,18.02410260223048,25812.127719354194,31.583860291171007,11.644070268505775
1953-12,24.83,1.45,2.51,26.9,2.59,310.79060250929365,18.14926998141264,26287.10598793142,31.417012174721187,11.7544491840273
1954-01,25.46,1.45667,2.52333,26.9,2.48,318.67614739776957,18.232756623327138,27082.589139858537,31.583860291171007,12.002650554927833
1954-02,26.02,1.46333,2.53667,26.9,2.47,325.68552063197023,18.316118097862454,27807.994233423204,31.750833575,12.215052485432844
1954-03,26.57,1.47,2.55,26.9,2.37,332.5697264869888,18.39960473977695,28526.705844567598,31.91768169144981,12.42010529518998
1954-04,27.63,1.46333,2.57333,26.8,2.29,347.1279069962686,18.384461822108207,29906.870386536106,32.329882624347015,12.907868184060927
1954-05,28.73,1.45667,2.59667,26.9,2.37,359.60588039033456,18.232756623327138,31112.816423446748,32.50183785009293,13.312042238025866
1954-06,28.96,1.45,2.62,26.9,2.38,362.4847301115242,18.14926998141264,31492.747265605674,32.793853345724905,13.357885903659007
1954-07,30.13,1.45667,2.62333,26.9,2.3,377.1293134758364,18.232756623327138,32897.0771222139,32.83553408299257,13.833009564245335
1954-08,30.73,1.46333,2.62667,26.9,2.36,384.63935622676576,18.316118097862454,33685.32315370297,32.8773399876394,14.042112347320582
1954-09,31.45,1.47,2.63,26.8,2.38,395.1202560634328,18.468259981343284,34737.98438952009,33.041852891791045,14.356474143296982
1954-10,32.18,1.49333,2.67667,26.8,2.43,404.2915688432836,18.76136508703358,35681.75762078824,33.628188737593284,14.61923193573057
1954-11,33.44,1.51667,2.72333,26.8,2.48,420.1215059701492,19.054595827145523,37219.01064170453,34.21439894897387,15.117311697434394
1954-12,34.97,1.54,2.77,26.7,2.51,440.9890540262172,19.420164232209736,39211.059980306425,34.93107462546816,15.789062002327094
1955-01,35.6,1.54667,2.83333,26.7,2.61,448.9336666666667,19.504276242228464,40061.98501984235,35.72969735327715,15.990781062969843
1955-02,36.79,1.55333,2.89667,26.7,2.65,463.9401572097378,19.588262147284645,41546.80390859286,36.52844618604868,16.437728215987125
1955-03,36.5,1.56,2.96,26.7,2.68,460.2831132958801,19.67237415730337,41366.11653089852,37.32706891385767,16.219282945537802
1955-04,37.76,1.56333,3.04667,26.7,2.75,476.172338576779,19.71436710983146,42941.743409673494,38.42002062425094,16.685266628063513
1955-05,37.6,1.56667,3.13333,26.7,2.76,474.15465917602995,19.756486167322095,42908.25866788558,39.51284622968164,16.518057827257806
1955-06,39.78,1.57,3.22,26.7,2.78,501.64554101123593,19.79847911985019,45545.32873184938,40.605797940074915,17.37009196340532
1955-07,42.69,1.58667,3.29333,26.8,2.9,536.333345988806,19.934036778638056,48845.51953760323,41.37556098255597,18.454031906632885
1955-08,42.43,1.60333,3.36667,26.8,2.97,533.0668510261194,20.143343725093278,48700.90617358922,42.29696383087686,18.22232646304776
1955-09,44.34,1.62,3.44,26.9,2.97,554.9921592936803,20.277115427509294,50858.37517247844,43.05757843866171,18.843960654261316
1955-10,42.11,1.62667,3.5,26.9,2.88,527.0798337360594,20.36060206942379,48456.02904694522,43.808582713754646,17.7723257893861
1955-11,44.95,1.63333,3.56,26.9,2.89,562.6273694237918,20.443963543959107,51880.643461263164,44.55958698884758,18.835559288273906
1955-12,45.37,1.64,3.62,26.8,2.96,570.0033709888058,20.60404514925373,52719.12198723326,45.479660634328354,18.942369035813584
1956-01,44.15,1.67,3.64333,26.8,2.9,554.6759715485074,20.9809484141791,51463.213141126405,45.77276574001865,18.2925853854189
1956-02,44.43,1.7,3.66667,26.8,2.84,558.1937353544776,21.357851679104474,51954.7266528178,46.06599648013059,18.26611681512779
1956-03,47.49,1.73,3.69,26.8,2.96,596.6378683768656,21.73475494402985,55701.55544680243,46.35910158582089,19.371210099299965
1956-04,48.05,1.75333,3.66,26.9,3.18,601.4292569702602,21.94597209414498,56319.61298007914,45.811260780669144,19.370593634578505
1956-05,46.54,1.77667,3.63,27,3.07,580.3714679629629,22.15574937657407,54520.593540879665,45.26747805555555,18.544506591754438
1956-06,46.27,1.8,3.6,27.2,3,572.7617855698529,22.28163419117647,53980.16310173263,44.56326838235294,18.1581638469587
1956-07,48.78,1.81333,3.55333,27.4,3.11,599.4247516423358,22.28279796833942,56668.02924762327,43.66449267636861,18.856797596896794
1956-08,48.49,1.82667,3.50667,27.3,3.33,598.0437773809523,22.528946727747254,56714.96117877193,43.24896211236263,18.670937110186422
1956-09,46.84,1.84,3.46,27.4,3.38,575.5853908759125,22.610527737226278,54763.827115793116,42.51762281021898,17.836640796312025
1956-10,46.24,1.80667,3.44333,27.5,3.34,566.1461658181819,22.120226933363636,54041.12102885232,42.158911702999994,17.418952948636136
1956-11,45.76,1.77333,3.42667,27.5,3.49,560.2692159999999,21.71202379390909,53652.84948190144,41.954932569727276,17.120339736628257
1956-12,46.44,1.74,3.41,27.6,3.59,566.5347684782607,21.226754891304346,54422.24936233579,41.599559873188404,17.197522725560926
1957-01,45.43,1.73667,3.40667,27.6,3.46,554.2134912137681,21.186131274184778,53408.24531684444,41.55893625606884,16.71778007853301
1957-02,43.47,1.73333,3.40333,27.7,3.34,528.3884428700361,21.069048531859202,51088.74426729241,41.368305481317684,15.843733142229743
1957-03,44.03,1.73,3.4,27.8,3.41,533.2702160971222,20.952929226618703,51729.576920077336,41.179167266187044,15.900417108869167
1957-04,45.05,1.73,3.40667,27.9,3.48,543.6683248207885,20.8778291218638,52907.009770655866,41.11206597374552,16.123704360211757
1957-05,46.78,1.73,3.41333,28,3.6,562.5299176785715,20.803265446428572,54911.22871915235,41.04532372616071,16.598110789114266
1957-06,47.55,1.73,3.42,28.1,3.8,569.7543376334519,20.729232473309608,55785.06208608459,40.979176334519565,16.729918872472865
1957-07,48.51,1.74,3.43667,28.3,3.93,577.1494391342756,20.70171148409894,56678.031829568514,40.88790276210247,16.868882383979802
1957-08,45.84,1.75,3.45333,28.3,3.93,545.3830197879859,20.82068683745583,53728.85024481343,41.08611570079504,15.868942729452241
1957-09,43.98,1.76,3.47,28.3,3.92,523.2536040636041,20.939662190812722,51720.66023420885,41.28444761484099,15.157274488962212
1957-10,41.24,1.77,3.43667,28.3,3.97,490.6543572438162,21.05863754416961,48671.869609898116,40.88790276210247,14.149451489483534
1957-11,40.35,1.78,3.40333,28.4,3.72,478.375179137324,21.103043838028167,47628.24932679779,40.348664149031684,13.736242235298487
1957-12,40.33,1.79,3.37,28.4,3.21,478.1380662852112,21.221600264084504,47780.71480894676,39.953515580985915,13.673246057951387
1958-01,41.12,1.78333,3.29333,28.6,3.09,484.0949048951048,20.99467331582168,48550.82092319228,38.77150469694056,13.78843155230763
1958-02,41.26,1.77667,3.21667,28.6,3.05,485.74308793706285,20.91626689396853,48890.93150636466,37.86900675410838,13.784906390337678
1958-03,42.11,1.77,3.14,28.8,2.98,492.30720581597217,20.693036197916665,49725.18799358729,36.70968003472222,13.92558992389294
1958-04,42.34,1.75667,3.07,28.9,2.88,493.28334204152253,20.46613246254325,49996.046134123004,35.76711998269896,13.91350176526278
1958-05,43.7,1.74333,3,28.9,2.92,509.12805968858135,20.310714423269896,51773.51243867324,34.9515830449827,14.32382496840923
1958-06,44.75,1.73,2.93,28.9,2.97,521.3611137543253,20.155412889273357,53188.29968742646,34.13604610726644,14.635555551956267
1958-07,45.98,1.73,2.91333,29,3.2,533.8440515517241,20.085911465517242,54632.54662726622,33.82479101146552,14.95745710190113
1958-08,47.7,1.73,2.89667,28.9,3.54,555.730170415225,20.155412889273357,57044.217601395474,33.747734019636674,15.54456689116592
1958-09,48.96,1.73,2.88,28.9,3.76,570.4098352941177,20.155412889273357,58723.4542655875,33.55351972318339,15.931923184092842
1958-10,50.95,1.73667,2.88333,28.9,3.8,593.5943853806228,20.233121908910032,61283.87663279482,33.59231598036332,16.55980331035157
1958-11,52.5,1.74333,2.88667,29,3.74,609.5435560344827,20.240677476982757,63104.641729557225,33.515258988534484,16.98888357938633
1958-12,53.49,1.75,2.89,28.9,3.86,623.1867256920416,20.388423442906575,64692.98490335875,33.670025,17.358357365369958
1959-01,55.62,1.75667,2.96333,29,4.02,645.7678587931033,20.395559591982757,67213.56978390962,34.40530868387931,17.980339342993386
1959-02,54.77,1.76333,3.03667,28.9,3.96,638.0994011245675,20.543724976903114,66593.60036586269,35.3788078950692,17.75916926361142
1959-03,56.16,1.77,3.11,28.9,3.99,654.293634602076,20.621433996539793,68463.01173271521,36.23314108996539,18.200871845485633
1959-04,57.1,1.77667,3.20667,29,4.12,662.9511818965518,20.627766660948275,69548.77554018518,37.23057209198276,18.43075304878342
1959-05,57.96,1.78333,3.30333,29,4.31,672.9360858620689,20.705091614913794,70777.28076706605,38.3528288562931,18.692721439594177
1959-06,57.46,1.79,3.4,29.1,4.34,664.8383630584192,20.71111503436426,70107.11543793546,39.33954810996563,18.448591397066476
1959-07,59.74,1.79667,3.41,29.2,4.4,688.8518128424657,20.717097197517123,72821.38172691577,39.32013193493151,19.090533975796507
1959-08,59.4,1.80333,3.42,29.2,4.43,684.9313304794521,20.793892528510277,72590.11532928128,39.43544023972603,18.958803640750205
1959-09,57.05,1.81,3.43,29.3,4.68,655.5887120307166,20.79957175767918,69664.03545526467,39.41576305460751,18.123290556758622
1959-10,57,1.81667,3.41667,29.4,4.53,652.7861989795917,20.805212352636055,69550.46865195937,39.129035481887755,18.02196244151542
1959-11,57.23,1.82333,3.40333,29.4,4.53,655.4202485544217,20.881485266411563,70016.51068337251,38.97626060654761,18.07178913057021
1959-12,59.06,1.83,3.39,29.4,4.69,676.3781212585035,20.957872704081634,72441.94721019038,38.82360025510204,18.624728977900105
1960-01,58.03,1.86667,3.39,29.3,4.72,666.8503586177475,21.450793708788392,71612.95098972248,38.9561040102389,18.338284994375567
1960-02,55.78,1.90333,3.39,29.4,4.49,638.8142838435374,21.797676422874147,68797.23224557277,38.82360025510204,17.545275108945976
1960-03,55.02,1.94,3.39,29.4,4.25,630.1104678571429,22.21763554421769,68059.26743213425,38.82360025510204,17.286020720522153
1960-04,55.73,1.94333,3.34667,29.5,4.28,636.0781333050847,22.18032870618644,68903.4892674022,38.19744493788136,17.42976694759721
1960-05,55.22,1.94667,3.30333,29.5,4.35,630.2572137288136,22.218450022627117,68473.50392308686,37.70278090957627,17.256170578727918
1960-06,57.26,1.95,3.26,29.6,4.15,651.3329836148648,22.18126646959459,70964.0758105122,37.08252753378378,17.82336381726475
1960-07,55.84,1.95,3.26333,29.6,3.9,635.1804716216217,22.18126646959459,69405.61745683216,37.12040631190878,17.376806472898117
1960-08,56.51,1.95,3.26667,29.6,3.8,642.8017272804054,22.18126646959459,70440.36273858024,37.15839884011824,17.582113039577678
1960-09,54.81,1.95,3.27,29.6,3.8,623.4642129222972,22.18126646959459,68523.85136518494,37.19627761824324,17.052015467817665
1960-10,53.73,1.95,3.27,29.8,3.89,607.0773299496644,22.03239890939597,66924.59315038749,36.94663817114094,16.605104536251034
1960-11,55.47,1.95,3.27,29.8,3.93,626.73700897651,22.03239890939597,69294.29421996894,36.94663817114094,17.146088452419004
1960-12,56.8,1.95,3.27,29.8,3.84,641.7642348993288,22.03239890939597,71158.75670641754,36.94663817114094,17.562090833957132
1961-01,59.72,1.94667,3.21,29.8,3.84,674.7563399328859,21.994774351258386,75020.14968163843,36.26871820469798,18.47041698647718
1961-02,62.17,1.94333,3.15,29.8,3.78,702.4380718959732,21.95703680645973,78301.26894391933,35.59079823825503,19.23401449829836
1961-03,64.12,1.94,3.09,29.8,3.74,724.4704708053691,21.919412248322146,80960.85040743192,34.912878271812076,19.844225272725573
1961-04,65.83,1.94,3.07,29.8,3.78,743.7911898489932,21.919412248322146,83324.10251305538,34.686904949664424,20.382842975754777
1961-05,66.5,1.94,3.05,29.8,3.71,751.3612961409395,21.919412248322146,84376.78181717242,34.46093162751677,20.598606843297347
1961-06,65.62,1.94,3.03,29.8,3.88,741.4184699664429,21.919412248322146,83465.34339704207,34.23495830536912,20.332414551592297
1961-07,65.44,1.94667,3.03667,30,3.92,734.4554786666666,21.848142522249997,82886.4464347432,34.08158493891666,20.14664373682732
1961-08,67.79,1.95333,3.04333,29.9,4.04,763.3749146321071,21.996210680016723,86356.99252723689,34.270567619816056,20.941688475215187
1961-09,67.26,1.96,3.05,30,3.98,754.8819605000001,21.997749666666664,85603.59991914209,34.231192083333326,20.70524304414726
1961-10,68,1.98,3.09667,30,3.92,763.1872333333333,22.2222165,86755.41761059055,34.75498543891667,20.924190141010794
1961-11,71.08,2,3.14333,30,3.94,797.7551256666666,22.446683333333333,90897.56352984128,35.278666561083334,21.857957721959675
1961-12,71.74,2.02,3.19,30,4.06,805.1625311666666,22.671150166666667,91956.84155165545,35.80245991666666,22.041480198382267
1962-01,69.07,2.02667,3.25,30,4.08,775.1962089166666,22.746009855583335,88750.8999207109,36.47586041666667,21.19793140001523
1962-02,70.22,2.03333,3.31,30.1,4.04,785.4847692691029,22.744940841611292,90145.82223210843,37.02584144518272,21.451687754873387
1962-03,70.29,2.04,3.37,30.1,3.93,786.2677931063123,22.819551827242524,90453.92529869496,37.69700473421926,21.44315856852624
1962-04,68.05,2.04667,3.40333,30.2,3.84,758.6904639900662,22.81835432673841,87500.1265060039,37.94377688187085,20.65833644764903
1962-05,62.99,2.05333,3.43667,30.2,3.87,702.2764485927152,22.89260676597682,81213.88961317267,38.31548503865894,19.08936749811665
1962-06,55.63,2.06,3.47,30.2,3.91,620.2196989238411,22.966970695364235,71945.87072388829,38.68708170529802,16.827571244792466
1962-07,56.97,2.06667,3.49,30.3,4.01,633.0631433168317,22.965290616089103,73657.71725871014,38.78164595709571,17.141325661322792
1962-08,58.52,2.07333,3.51,30.3,3.98,650.2870834983498,23.039297997772273,75885.13270534288,39.00389034653465,17.571262631045535
1962-09,58,2.08,3.53,30.4,3.98,642.388634868421,23.037385526315788,75187.45330731399,39.09710139802632,17.321461147465477
1962-10,56.17,2.09667,3.57667,30.4,3.93,622.1201658717106,23.22201688050987,73041.65848417784,39.61400273577303,16.739820967901334
1962-11,60.04,2.11333,3.62333,30.4,3.92,664.98299375,23.40653747804276,78303.09066643642,40.13079331685855,17.854386489497145
1962-12,62.64,2.13,3.67,30.4,3.86,693.7797256578948,23.59116883223684,81925.45632809577,40.64769465460526,18.585836118439865
1963-01,65.06,2.13667,3.68333,30.4,3.83,720.5828376644737,23.66504352524671,85323.39549973854,40.795333283963814,19.259231693254055
1963-02,65.92,2.14333,3.69667,30.4,3.92,730.1079105263158,23.738807461595396,86685.48899655399,40.94308266998355,19.469191309671412
1963-03,65.67,2.15,3.71,30.5,3.93,724.9542759836065,23.734607786885242,86308.43310345065,40.95599762295082,19.288064606604838
1963-04,68.76,2.16667,3.75333,30.5,3.97,759.0658750819672,23.918633792377044,90606.8425651889,41.434332765,20.150077238226984
1963-05,70.14,2.18333,3.79667,30.5,3.93,774.3001814754098,24.102549404344263,92665.05706787625,41.91277830057377,20.507585864952606
1963-06,70.11,2.2,3.84,30.6,3.99,771.4396904411765,24.207207516339867,92564.14352301454,42.25258039215686,20.384149993841
1963-07,69.07,2.20333,3.88,30.7,4.02,757.5207253257329,24.164878235586315,91135.64950912783,42.55364723127036,19.969231885949636
1963-08,70.98,2.20667,3.92,30.7,4,778.4685258957655,24.20150946799674,93898.46910090855,42.99234462540716,20.47263790052768
1963-09,72.85,2.21,3.96,30.7,4.08,798.9776290716611,24.238031026058632,96615.89802846723,43.43104201954397,20.96036009070511
1963-10,73.03,2.23333,3.98,30.8,4.11,798.3512745941558,24.41437562767857,96786.18097952948,43.50866866883116,20.891344595411496
1963-11,72.62,2.25667,4,30.8,4.12,793.8692258116884,24.669524453490258,96492.03982818962,43.72730519480519,20.720399335339707
1963-12,74.17,2.28,4.02,30.9,4.13,808.1895644822007,24.843901941747568,98484.267938181,43.80372184466019,21.038599376737054
1964-01,76.45,2.29667,4.07333,30.9,4.17,833.0334664239482,25.025545733576052,101765.82318787114,44.38482942823625,21.627216196980932
1964-02,77.39,2.31333,4.12667,30.9,4.15,843.276127750809,25.207080560922332,103273.71115093456,44.966045976294495,21.832670826710327
1964-03,78.8,2.33,4.18,30.9,4.22,858.6401197411002,25.38872435275081,105414.40432797668,45.54715355987055,22.167245585982634
1964-04,79.94,2.34667,4.23,30.9,4.23,871.0620707119741,25.570368144579287,107201.03913276842,46.09197597087379,22.422192169737176
1964-05,80.72,2.36333,4.28,30.9,4.2,879.5613003236246,25.751902971925563,108511.13958112172,46.63679838187703,22.57433076956383
1964-06,80.24,2.38,4.33,31,4.17,871.5105825806451,25.849890161290322,107783.68321181518,47.02942201612903,22.30028803608279
1964-07,83.22,2.4,4.37667,31.1,4.19,900.9708940514469,25.98329903536977,111694.96352558814,47.38346891213826,22.984351845738402
1964-08,82,2.42,4.42333,31,4.19,890.6264677419355,26.28434209677419,110684.08965678231,48.043106994596776,22.650407292938798
1964-09,83.41,2.44,4.47,31.1,4.2,903.0279052250803,26.4163540192926,112498.87702072064,48.3938944533762,22.892221984231682
1964-10,84.85,2.46,4.49667,31.1,4.19,918.6178846463021,26.632881511254016,114717.56366140023,48.682633863906744,23.21215468067534
1964-11,85.44,2.48,4.52333,31.2,4.15,922.0406846153845,26.763353205128205,115423.52367711264,48.81430582796474,23.22501979309582
1964-12,83.96,2.5,4.55,31.2,4.18,906.0690060897434,26.979186698717946,113705.59006745211,49.10211979166666,22.75298477278726
1965-01,86.12,2.51667,4.59333,31.2,4.19,929.379023397436,27.159083915625,116914.86466438661,49.56972305552884,23.26933508192247
1965-02,86.75,2.53333,4.63667,31.2,4.21,936.1777784455128,27.338873215785252,118056.7406426369,50.03743423613782,23.372068272751335
1965-03,86.83,2.55,4.68,31.3,4.21,934.0473708466452,27.430851038338652,118076.34955518894,50.34367955271565,23.253528200034843
1965-04,87.97,2.57,4.73333,31.4,4.2,943.2968468949044,27.55795039808917,119535.9181577178,50.75520364116242,23.420551954771298
1965-05,89.28,2.59,4.78667,31.4,4.21,957.3438955414013,27.772409156050955,121609.26007491288,51.32716514864649,23.708808308861947
1965-06,85.04,2.61,4.84,31.6,4.21,906.1072550632912,27.80973583860759,115395.16795839225,51.57054462025316,22.385342986457793
1965-07,84.91,2.62667,4.88667,31.6,4.2,904.7220958069619,27.987355875553792,115515.78625939389,52.067816793275306,22.300781712174427
1965-08,86.49,2.64333,4.93333,31.6,4.25,921.5571083069619,28.164869361787975,117964.9732915173,52.56498241558543,22.665971845964396
1965-09,89.38,2.66,4.98,31.6,4.29,952.3502640822784,28.342489398734177,122209.02087187847,53.062254588607594,23.374146831648634
1965-10,91.39,2.68,5.05,31.7,4.35,970.6951371451104,28.465510094637224,124867.50089436022,53.638367902208195,23.775745523312693
1965-11,92.15,2.7,5.12,31.7,4.45,978.7674459779181,28.67793927444795,126213.32087883276,54.38187003154574,23.92546115667373
1965-12,91.73,2.72,5.19,31.8,4.62,971.2425764937107,28.799518238993713,125552.45719115582,54.952021933962264,23.694111549106328
1966-01,93.32,2.74,5.24,31.8,4.61,988.0775889937106,29.011279402515722,128041.24186348313,55.48142484276729,24.058483388421756
1966-02,92.69,2.76,5.29,32,4.83,975.273317890625,29.040396562499996,126695.5876847689,55.660760078124994,23.70002714557941
1966-03,88.88,2.78,5.34,32.1,4.87,932.2715956386292,29.159710124610587,121425.00234187051,56.011817289719616,22.611112582289998
1966-04,91.6,2.79667,5.38,32.3,4.75,954.8527213622291,29.152925330263162,124682.53418876197,56.08196114551083,23.113696462615835
1966-05,86.78,2.81333,5.42,32.3,4.78,904.608287770898,29.326591775000004,118440.84508435086,56.498927399380804,21.8521779767631
1966-06,86.06,2.83,5.46,32.4,4.81,894.3340591049383,29.409311959876543,117416.51625809941,56.74022731481482,21.555253383226262
1966-07,85.84,2.85,5.47667,32.5,5.02,889.3030603076924,29.52602192307692,117079.03744217532,56.73834332823077,21.381702007433425
1966-08,80.65,2.87,5.49333,32.7,5.22,830.4243168960244,29.551367507645256,109651.70875374187,56.56286190619266,19.913903864009814
1966-09,77.81,2.89,5.51,32.7,5.18,801.1818487003057,29.757300382262997,106117.88276073794,56.73450695718653,19.16167625061501
1966-10,77.13,2.88333,5.52333,32.9,5.01,789.3522882218845,29.508143824696045,104876.73785961435,56.526036225911845,18.825409371315683
1966-11,80.99,2.87667,5.53667,32.9,5.16,828.8557218085106,29.43998505068389,110451.29408844443,56.66255845493921,19.71125121192897
1966-12,81.33,2.87,5.55,32.9,4.84,832.3352988601823,29.371723936170216,111241.14107975479,56.798978343465045,19.73647375279198
1967-01,84.45,2.88,5.51667,32.9,4.58,864.2655353343466,29.474064437689968,115836.86509337803,56.4578774518997,20.43224212538429
1967-02,87.36,2.89,5.48333,32.9,4.63,894.0466212765957,29.57640493920973,120158.74378805002,56.11667421983282,21.07444316367845
1967-03,89.42,2.9,5.45,33,4.54,912.3556471212121,29.588809848484846,122950.8454576167,55.60655643939394,21.44389860201911
1967-04,90.96,2.9,5.41,33.1,4.59,925.264493655589,29.49941767371601,125021.75036902583,55.03167228096677,21.686025566746252
1967-05,92.59,2.9,5.37,33.2,4.85,939.008317695783,29.410564006024092,127209.979033838,54.460251280120474,21.94847738965841
1967-06,91.43,2.9,5.33,33.3,5.02,924.4595753003003,29.322243993993993,125570.05208562054,53.89226223723724,21.552097609793496
1967-07,93.01,2.90667,5.32,33.4,5.16,937.6194686377246,29.301692085853293,127689.24308212243,53.630099700598805,21.804196245666372
1967-08,94.49,2.91333,5.31,33.5,5.28,949.6957200746268,29.28116236813433,129666.14478783592,53.36950231343283,22.030627049126032
1967-09,95.81,2.92,5.3,33.6,5.3,960.0967545386904,29.260855059523806,131419.1700231468,53.11045610119047,22.219145488664797
1967-10,95.66,2.92,5.31,33.7,5.48,955.74913694362,29.174027596439167,131156.8442867195,53.0527693620178,22.068199194183894
1967-11,92.66,2.92,5.32,33.8,5.75,923.0368392011834,29.087713905325444,127000.39723999992,52.99542396449704,21.263102968336288
1967-12,95.3,2.92,5.33,33.9,5.7,946.5349210914454,29.001909439528024,130566.02260794424,52.9384168879056,21.75159780872364
1968-01,95.04,2.93,5.36667,34.1,5.53,938.4161806451613,28.93054934017595,129778.67421175679,52.99000383189149,21.511535896332187
1968-02,90.75,2.94,5.40333,34.2,5.56,893.4370668859648,28.944407456140347,123891.84137997586,53.195981340131574,20.42499237621423
1968-03,89.09,2.95,5.44,34.3,5.74,874.5371799562683,28.95818476676385,121605.64988443899,53.40085597667639,19.934711308295707
1968-04,95.67,2.96333,5.48333,34.4,5.64,936.3986313226744,29.004475343968025,130543.66629834454,53.669726216061036,21.27735601567175
1968-05,97.87,2.97667,5.52667,34.5,5.87,955.1551729710144,29.05059516427536,133496.0185923186,53.937135381666664,21.63022714277988
1968-06,100.5,2.99,5.57,34.7,5.72,975.169311959654,29.01249992795389,136631.17651334842,54.04669719020172,22.004623431346534
1968-07,100.3,3.00333,5.6,34.9,5.5,967.6514348137537,28.97484131325215,135916.15109576267,54.0264011461318,21.75353741567096
1968-08,98.11,3.01667,5.63,35,5.42,943.8189007857143,29.020386947642855,132908.32074508065,54.160640214285706,21.13776679361786
1968-09,101.3,3.03,5.66,35.1,5.46,971.7303511396009,29.065577136752133,137179.88747622602,54.29411438746438,21.680275633292926
1968-10,103.8,3.04333,5.69333,35.3,5.58,990.0704235127478,29.028044527832865,140110.4614960108,54.3044089046034,22.004606927956882
1968-11,105.4,3.05667,5.72667,35.4,5.7,1002.49170480226,29.072925230720337,142211.123380303,54.46811357817796,22.195529227158154
1968-12,106.5,3.07,5.76,35.5,6.03,1010.1007500000001,29.117458239436615,143634.73589410537,54.63080112676056,22.27787299543488
1969-01,102,3.08,5.78,35.6,6.04,964.7029634831459,29.130246348314603,137524.43174230555,54.666501264044946,21.194968072847157
1969-02,101.5,3.09,5.8,35.8,6.19,954.6110439944135,29.06155789106145,136431.0078112139,54.549202513966485,20.895729901987245
1969-03,99.3,3.1,5.82,36.1,6.3,926.1588594182824,28.91331786703601,132709.0338402187,54.28242257617728,20.20228761648166
1969-04,101.3,3.11,5.82667,36.3,6.17,939.6070337465563,28.846770730027547,134980.4726148699,54.045213379269974,20.428608081932158
1969-05,104.6,3.12,5.83333,36.4,6.32,967.5507184065934,28.86002142857143,139340.25270650446,53.95834256407967,20.972258271972102
1969-06,99.14,3.13,5.84,36.6,6.57,912.0345023224043,28.794310997267754,131690.7384328794,53.72484863387978,19.71334158375763
1969-07,94.71,3.13667,5.85667,36.8,6.72,866.5456705842391,28.698847096942938,125467.826766272,53.58538731433424,18.681708207192766
1969-08,94.18,3.14333,5.87333,37,6.69,857.0386363513513,28.604324238716217,124436.43270592054,53.44734268466216,18.42951559020774
1969-09,94.51,3.15,5.89,37.1,7.16,857.7234670485175,28.587757075471693,124881.76202391833,53.45456799191374,18.398046344676978
1969-10,95.52,3.15333,5.85333,37.3,7.1,862.2414981233244,28.46453081320375,125884.93469920527,52.83693496869973,18.44866203181536
1969-11,96.21,3.15667,5.81667,37.5,7.14,863.8381613999999,28.342708751133333,126462.87315778495,52.225979817799995,18.437760084691043
1969-12,91.11,3.16,5.78,37.7,7.65,813.7071559018567,28.222089920424402,119468.17124320782,51.621417639257295,17.326929913742685
1970-01,90.31,3.16333,5.73,37.8,7.79,804.4285602513228,28.177089995568785,118450.63719506536,51.039482341269846,17.090541395140207
1970-02,87.16,3.16667,5.68,38,7.24,772.2840471052631,28.058383701776314,114061.71178898416,50.32782684210525,16.372586787159854
1970-03,88.65,3.17,5.63,38.2,7.07,781.373747709424,27.9408322643979,115748.09701453528,49.623623232984286,16.531690813943612
1970-04,85.95,3.17333,5.59333,38.5,7.39,751.6723762987014,27.75223387876623,111690.89876953117,48.916249593051944,15.87306781935406
1970-05,76.06,3.17667,5.55667,38.6,7.91,663.4565029792745,27.709471066515544,98926.02606433496,48.46974554838083,13.983836060789193
1970-06,75.59,3.18,5.52,38.8,7.84,655.9580385953609,27.595535953608252,98150.84303169875,47.90168505154639,13.799691797725178
1970-07,75.72,3.18333,5.46667,39,7.46,653.7164853846153,27.482769405961538,98158.12664521344,47.19561937608974,13.726499744359767
1970-08,77.92,3.18667,5.41333,39,7.53,672.7098328205128,27.51160476070513,101354.30125877894,46.73511703416666,14.100456516815445
1970-09,82.58,3.19,5.36,39.2,7.39,709.3037409438774,27.39984177295918,107211.76626679803,46.03860561224489,14.84266114524222
1970-10,84.37,3.17333,5.28333,39.4,7.33,721.0000023477157,27.118299602347715,109321.24371253837,45.14970892975889,15.064185404089633
1970-11,84.28,3.15667,5.20667,39.6,6.84,716.5933603535353,26.83968631736111,108992.21838862961,44.26987602695707,14.950761908791733
1970-12,90.05,3.14,5.13,39.8,6.39,761.8054651381909,26.563788567839197,116205.56755551262,43.398801067839194,15.873840687205744
1971-01,93.49,3.13,5.16,39.8,6.24,790.9071952889446,26.479190515075377,120981.33033095248,43.65259522613066,16.46179394349194
1971-02,97.11,3.12,5.19,39.9,6.11,819.4727137218046,26.32844060150376,125686.47389843976,43.79634830827068,17.03453478150213
1971-03,99.6,3.11,5.22,40,5.7,838.3836224999999,26.178444437499998,128921.52382255191,43.93938262499999,17.402902607188878
1971-04,103,3.10667,5.25333,40.1,5.83,864.8410411471322,26.085201138840397,133324.25301796378,44.109663948441394,17.924110447959606
1971-05,101.6,3.10333,5.28667,40.3,6.39,848.8522431761787,25.927840864330026,131192.50052575243,44.16930795700993,17.564153279699386
1971-06,99.72,3.1,5.32,40.6,6.52,826.9888899014777,25.70863977832512,128144.56969289556,44.11934310344827,17.083166880070703
1971-07,99,3.09667,5.35667,40.7,6.73,819.000608108108,25.61792538495086,127237.55819602644,44.314302903378376,16.88941470869336
1971-08,97.24,3.09333,5.39333,40.8,6.58,802.4689291666666,25.527573145404414,124999.73532942838,44.50822449344363,16.51944944305157
1971-09,99.4,3.09,5.43,40.8,6.14,820.2942365196078,25.50009246323529,128107.37477984892,44.810842095588235,16.856792547836
1971-10,97.29,3.08333,5.52,40.9,5.93,800.9185164425428,25.382835741625914,125411.76244447543,45.44218533007334,16.428862709159475
1971-11,92.78,3.07667,5.61,40.9,5.81,763.7909338630807,25.32800875715159,119928.64155475145,46.18309052567237,15.638712654326646
1971-12,99.17,3.07,5.7,41.1,5.93,812.4224767031629,25.150115997566903,127893.73540920542,46.695655109489046,16.60355721292533
1972-01,103.3,3.07,5.73667,41.1,5.95,846.2563461070558,25.150115997566903,133549.88755080273,46.99606382402676,17.262996797035175
1972-02,105.2,3.07,5.77333,41.3,6.08,857.6480944309928,25.02832366828087,135676.79728318556,47.06735240514527,17.464147605486172
1972-03,107.7,3.07,5.81,41.4,6.07,875.9086213768117,24.967868780193232,138894.69811752092,47.251894987922704,17.805643849614942
1972-04,108.8,3.07,5.86333,41.5,6.19,882.7225831325301,24.90770524096385,140304.34156007282,47.570715104397586,17.915161678498293
1972-05,107.7,3.07,5.91667,41.6,6.13,871.6975222355769,24.847830949519224,138881.083124071,47.88808336941105,17.66264620037255
1972-06,108,3.07,5.97,41.7,6.11,872.0294244604316,24.788243824940043,139263.0731813037,48.203848741007185,17.64085731574025
1972-07,107.2,3.07333,6.02667,41.9,6.11,861.4383484486873,24.696682084307877,137900.35027312042,48.42914786795942,17.398690031138166
1972-08,111,3.07667,6.08333,42,6.21,889.8506607142857,24.66465614684524,142777.66569319225,48.768065043630955,17.943404688029794
1972-09,109.4,3.08,6.14,42.1,6.55,874.9407921615201,24.63270237529691,140714.7207556552,49.10545213776721,17.613854552912102
1972-10,109.6,3.10333,6.23333,42.3,6.48,872.3959196217494,24.701938222990545,140636.49774771978,49.61616475963356,17.533183854158548
1972-11,115.1,3.12667,6.32667,42.4,6.28,914.0141220518867,24.829022893101413,147679.20278105224,50.24036251574292,18.338894714968045
1972-12,117.5,3.15,6.42,42.5,6.36,930.8771617647059,24.955430294117644,150739.80840847458,50.861543647058824,18.645719442073673
1973-01,118.4,3.15667,6.54667,42.6,6.46,935.8053896713615,24.94956756261737,151874.53157785104,51.74331985134975,18.712530467302425
1973-02,114.2,3.16333,6.67333,42.9,6.64,896.2976351981353,24.827366010081587,145798.48052584077,52.37556828280885,17.889889599193744
1973-03,112.4,3.17,6.8,43.3,6.71,874.0209722863741,24.649879734411087,142508.93632712803,52.876713625866046,17.41214205829032
1973-04,110.3,3.18667,6.94333,43.6,6.67,851.7898526376146,24.609004258428897,139218.53134378092,53.61974648698394,16.93574006605082
1973-05,107.2,3.20333,7.08667,43.9,6.85,822.1928656036446,24.568610747892937,134715.75964517816,54.352700698576314,16.314338759668566
1973-06,104.8,3.22,7.23,44.2,6.9,798.3300045248867,24.52884174208145,131140.76511758746,55.07562912895928,15.808323047681974
1973-07,105.8,3.23667,7.38333,44.3,7.13,804.1283623024831,24.60017151619639,132430.00830328008,56.1166829984763,15.88951857398878
1973-08,103.8,3.25333,7.53667,45.1,7.4,774.9331696230597,24.2881823577051,127955.25100287389,56.26604596823724,15.278501094706119
1973-09,105.6,3.27,7.69,45.2,7.09,786.6271327433627,24.35862428097345,130221.30250956137,57.283737223451325,15.475308601805558
1973-10,109.8,3.30667,7.84667,45.6,6.79,810.738759868421,24.415715255866225,134549.65733188044,57.938064707620605,15.913516308933378
1973-11,102,3.34333,8.00333,45.9,6.73,748.2227777777778,24.52505548654684,124513.7272807883,58.70856670659042,14.651845159710565
1973-12,94.78,3.38,8.16,46.2,6.74,690.7456643939394,24.63304859307359,115290.41335899873,59.46913506493506,13.493329686205884
1974-01,96.11,3.4,8.22667,46.6,6.99,694.4262023068669,24.566112660944203,116246.40996529367,59.440382954238196,13.530721892513945
1974-02,93.45,3.42,8.29333,47.2,6.96,666.6236941207626,24.396501165254232,111932.62118778776,59.16030263416312,12.957321280205383
1974-03,97.44,3.44,8.36,47.8,7.21,686.3613464435147,24.23114769874477,115585.8193940361,58.887324058577406,13.310364239140156
1974-04,92.46,3.46,8.48667,48,7.51,648.5688565625,24.270476354166664,109562.02591670604,59.530498138906246,12.550411048540902
1974-05,89.67,3.48,8.61333,48.6,7.58,621.2327452160494,24.10940061728395,105283.564479982,59.6730527640432,11.995436947329658
1974-06,89.79,3.5,8.74,49,7.54,616.9860295408164,24.05001785714286,104903.50821558012,60.05633030612245,11.888498820078995
1974-07,79.31,3.53,8.86333,49.4,7.81,540.5606645242915,24.059754706477733,92250.12686904683,60.410636170698375,10.394141805327047
1974-08,76.03,3.56,8.98667,50,8.04,511.98640014999995,23.973057799999996,87714.67592093746,60.51628071335,9.824195723141194
1974-09,68.12,3.59,9.11,50.6,8.04,453.2810480237154,23.888416946640316,77998.1928153396,60.61935331027667,8.68042130564633
1974-10,69.44,3.59333,9.03667,51.1,7.9,457.5433534246575,23.676616620988256,79071.13985998048,59.54303421071428,8.74498383380958
1974-11,71.74,3.59667,8.96333,51.5,7.68,469.02671718446595,23.514557051796114,81394.29945365504,58.60107673461164,8.948984512755601
1974-12,67.07,3.6,8.89,51.9,7.43,435.115332707129,23.354930635838148,75847.10970329221,57.67370370905588,8.289060055923079
1975-01,72.56,3.62333,8.74333,52.1,7.5,468.9245708253359,23.416048307725525,82080.71281351971,56.50444139793665,8.920995508404246
1975-02,80.1,3.64667,8.59667,52.5,7.39,513.7083814285713,23.387327631761902,90260.82971441648,55.133351203190465,9.762246716166464
1975-03,83.78,3.67,8.45,52.7,7.73,535.270340512334,23.44762651802656,94392.68203750941,53.98704198292219,10.163796767444031
1975-04,84.72,3.68333,8.28667,52.9,8.23,539.2295875236294,23.4438210176276,95435.39696226949,52.743362205434785,10.233076136605913
1975-05,90.1,3.69667,8.12333,53.2,8.06,570.2385812969924,23.3960472399906,101268.57691179945,51.412166199859016,10.818139119335804
1975-06,92.4,3.71,7.96,53.6,7.86,580.4310279850746,23.305185214552235,103423.54886582225,50.002499813432834,11.011354609247661
1975-07,92.49,3.71,7.89333,54.2,8.06,574.564688607011,23.04719423431734,102720.48097421096,49.0348004489391,10.902767048238573
1975-08,85.71,3.71,7.82667,54.3,8.4,531.4655327348066,23.004750046040517,95357.96023075996,48.531155537154696,10.089769593328015
1975-09,84.67,3.71,7.76,54.6,8.43,522.1320543498168,22.87835032051282,94025.38326757397,47.85336886446886,9.918905356559419
1975-10,88.57,3.7,7.82667,54.9,8.14,543.19747071949,22.692002276867033,98159.3678553171,48.00076039467213,10.327599777501112
1975-11,90.07,3.69,7.89333,55.3,8.05,548.4012932640145,22.46697870705244,99438.06054284691,48.05942467147377,10.435859457947895
1975-12,88.7,3.68,7.96,55.5,8,538.1137328828829,22.32534990990991,97910.02635028608,48.29070252252252,10.250368416256837
1976-01,96.86,3.68333,8.19333,55.6,7.74,586.5609031474819,22.305362083318343,107063.21578218116,49.616839196627694,11.185051362622147
1976-02,100.6,3.68667,8.42667,55.8,7.79,607.0258987455197,22.24556829153226,111136.99862960262,50.84698737755376,11.58609299444969
1976-03,101.1,3.69,8.66,55.9,7.73,608.9516149373882,22.225830456171735,111828.66762218348,52.161434078711984,11.63175440356651
1976-04,101.9,3.71333,8.85667,56.1,7.56,611.5820940285205,22.28661567437611,112652.79415547194,53.15584675877896,11.689164132206368
1976-05,101.2,3.73667,9.05333,56.5,7.9,603.0808017699115,22.267924303849558,111428.6755788026,53.95147742181416,11.532053585609425
1976-06,101.8,3.76,9.25,56.8,7.86,603.4522086267606,22.28860809859155,111840.4797906221,54.83234705105634,11.543841631417104
1976-07,104.2,3.79,9.35,57.1,7.83,614.43373117338,22.348405385288967,114220.89494470946,55.13392885288966,11.75749048868991
1976-08,103.3,3.82,9.45,57.4,7.77,605.9431328397212,22.407577613240417,112989.64861518603,55.43235823170731,11.597986002509248
1976-09,105.5,3.85,9.55,57.6,7.59,616.6992426215278,22.50513823784722,115345.0396727895,55.82443381076389,11.805990949539789
1976-10,101.9,3.91667,9.67,57.9,7.41,592.5691791882556,22.776230883721933,111186.84416642957,56.23301239205527,11.345696136316693
1976-11,101.2,3.98333,9.79,58,7.29,587.4838844827586,23.123934600560343,110594.23584397869,56.83268012931034,11.248855860507959
1976-12,104.7,4.05,9.91,58.2,6.87,605.7133363402061,23.43017203608247,114393.50453540175,57.331606142611676,11.597589726582934
1977-01,103.8,4.09667,9.96667,58.5,7.21,597.4271102564102,23.578629284914527,113199.6720274417,57.363765481495726,11.437961346787548
1977-02,101,4.14333,10.0233,59.1,7.39,575.4099027072757,23.60508031865482,109400.6031725088,57.104020572335024,11.014841854222771
1977-03,100.6,4.19,10.08,59.5,7.46,569.2780697478992,23.71048819327731,108610.44573341233,57.04098352941176,10.895746511662736
1977-04,99.05,4.24667,10.1933,60,7.37,555.8359960416667,23.830914177791666,106424.7667737856,57.201444305416665,10.636037409141357
1977-05,98.76,4.30333,10.3067,60.3,7.46,551.4513547263681,24.028727808167496,105968.64281197861,57.55005749046434,10.548486693556994
1977-06,99.29,4.36,10.42,60.7,7.28,550.7572952635915,24.184729654036243,106222.55467748843,57.79928509060955,10.530023959090755
1977-07,100.2,4.40667,10.5167,61,7.33,553.0715581967213,24.323391650286883,107059.82847887248,58.048779002868855,10.5676924477754
1977-08,97.75,4.45333,10.6133,61.2,7.4,537.7851215277777,24.50060987471405,104496.00587295332,58.39053534844771,10.26838566671099
1977-09,96.23,4.5,10.71,61.4,7.34,527.6981279723127,24.676728420195438,102935.59532781182,58.730613640065144,10.067742820070697
1977-10,93.74,4.55667,10.77,61.6,7.52,512.3746986201298,24.906362470251622,100351.38986415004,58.86788461850649,9.766666299556542
1977-11,94.28,4.61333,10.83,61.9,7.58,512.8287491114701,25.093850796970923,100849.88214386706,58.908945193861065,9.766299983660193
1977-12,93.82,4.67,10.89,62.1,7.69,508.6830508051529,25.32029255233494,100449.55849591918,59.044536594202896,9.678266582535914
1978-01,90.25,4.71333,10.9,62.5,7.96,486.195161,25.39167022932,96426.7193353468,58.7205236,9.241462260934684
1978-02,88.98,4.75667,10.91,62.9,8.03,476.30505953895073,25.462193611565976,94886.04778042024,58.40063159777424,9.045263570704734
1978-03,88.82,4.8,10.92,63.4,8.04,471.698993769716,25.491501577287064,94391.64672611999,57.993166088328074,8.95042007763389
1978-04,92.71,4.83667,11.0233,63.9,8.15,488.5051670970266,25.485258187284817,98179.71642683668,58.08369117097027,9.26258872086684
1978-05,97.41,4.87333,11.1267,64.5,8.35,508.49567988372087,25.43955704391473,102623.4775117831,58.08314219651162,9.634910728598443
1978-06,97.66,4.91,11.23,65.2,8.46,504.3273990030674,25.355801035276073,102208.68190757654,57.99300318251534,9.549678981041732
1978-07,97.19,4.94667,11.3433,65.7,8.64,498.08062857686446,25.35076142568493,101370.82965844765,58.132297501141544,9.425524047787354
1978-08,103.9,4.98333,11.4567,66,8.41,530.0478178030303,25.422552376249996,108308.05842087838,58.44657203295454,10.023970854003744
1978-09,103.9,5.02,11.57,66.5,8.42,526.0624958646616,25.417071503759395,107926.51483979417,58.58078033834586,9.941887473004405
1978-10,100.6,5.03667,11.8233,67.1,8.64,504.79948062593144,25.273443340797318,103996.30326897657,59.32798905849478,9.533608358208827
1978-11,94.71,5.05333,12.0767,67.4,8.81,473.12879343471803,25.244176177040057,97905.05431879005,60.329790937314534,8.928418902293146
1978-12,96.11,5.07,12.33,67.7,9.01,477.99499302067943,25.215218131462333,99346.8399791087,61.32221687592319,9.011941819133828
1979-01,99.71,5.11333,12.6533,68.3,9.1,491.54292719619326,25.20731316738653,102599.24508845883,62.37729536346999,9.25763691913997
1979-02,98.23,5.15667,12.9767,69.1,9.1,478.64060141099856,25.12665815003618,100343.21112355294,63.23094260745296,9.00374037104563
1979-03,100.1,5.2,13.3,69.8,9.12,482.86096024355294,25.08368624641834,101666.19227242304,64.15635136103153,9.070785029660762
1979-04,102.1,5.24667,13.5267,70.6,9.18,486.92769865439095,25.022026921635977,102961.47402852283,64.51052792740794,9.133063566217412
1979-05,99.73,5.29333,13.7533,71.5,9.25,469.63798506993004,24.926790689965035,99744.77579078538,64.76558808846153,8.794383289814956
1979-06,101.7,5.34,13.98,72.3,8.91,473.6157043568465,24.86831721991701,101029.7310074974,65.10469564315352,8.853937764693951
1979-07,102.7,5.39667,14.1967,73.1,8.95,473.03851812585503,24.85718383266074,101348.4772933668,65.39032064534884,8.827498045542363
1979-08,107.4,5.45333,14.4133,73.8,9.03,489.99467276422763,24.87991293133469,105425.54252240872,65.75828879844173,9.12716579721503
1979-09,108.6,5.51,14.63,74.6,9.33,490.1561280160858,24.868879054959784,105906.17243425948,66.03116162868633,9.112758990740957
1979-10,104.5,5.55667,14.7067,75.2,10.3,467.88798038563823,24.87941726286569,101542.74513847183,65.84773359940158,8.68184330689931
1979-11,103.7,5.60333,14.7833,75.9,10.65,460.02392523056653,24.856951407542816,100285.60486227387,65.58024777108035,8.518784302983558
1979-12,107.8,5.65,14.86,76.7,10.39,473.22408018252924,24.802560788787485,103613.83141143799,65.23292979139504,8.74520440466929
1980-01,110.9,5.7,15.0033,77.8,10.8,479.9493280848329,24.66827024421594,105536.4439185118,64.93078227281491,8.850934180729109
1980-02,115.3,5.75,15.1467,78.9,12.41,492.03471261089976,24.537724176172368,108643.5438384903,64.63748639638781,9.054476092192516
1980-03,104.7,5.8,15.29,80.1,12.75,440.1063192883895,24.380292759051187,97626.12083893362,64.2714959113608,8.081150900785499
1980-04,103,5.84667,15.1733,81,11.47,428.14970061728394,24.303398156388887,95423.11280136733,63.07227041141975,7.8440245047192185
1980-05,107.7,5.89333,15.0567,81.8,10.18,443.3082753667482,24.257771202108803,99252.08754783233,61.975484769865524,8.104225807176496
1980-06,114.6,5.94,14.94,82.7,9.78,466.57616263603376,24.183790628778716,104912.73236876502,60.8258976420798,8.512077962306739
1980-07,119.8,5.98333,14.84,82.7,10.25,487.7471577992745,24.36020201732164,110129.63318230122,60.41876311970979,8.880865527295843
1980-08,123.5,6.02667,14.74,83.3,11.1,499.1894462785114,24.359919515816326,113171.57289630763,59.57937196878752,9.07100598161838
1980-09,126.5,6.07,14.64,84,11.51,507.0545431547619,24.330601398809524,115414.34150576356,58.68204357142857,9.19604013174324
1980-10,130.2,6.1,14.7,84.8,11.75,516.9619404481132,24.220183077830185,118128.84653614464,58.36667069575471,9.35784104675711
1980-11,135.7,6.13,14.76,85.5,12.68,534.3885839181286,24.14002961988304,122570.61539179366,58.125095789473676,9.654043663233388
1980-12,133.5,6.16,14.82,86.3,12.84,520.851487543453,24.03329710312862,119925.03324210728,57.820367381228266,9.38990208492174
1981-01,133,6.2,14.74,87,12.57,514.7256695402299,23.994730459770114,118974.97063212308,57.0455366091954,9.259404530877951
1981-02,128.4,6.24,14.66,87.9,13.19,491.8351774744027,23.902270307167232,114144.4079147286,56.15501325369738,8.829899353831307
1981-03,133.2,6.28,14.58,88.5,13.12,506.76241016949143,23.892401920903954,118070.77505045531,55.46993949152542,9.081096883854624
1981-04,134.4,6.31667,14.7233,89.1,13.68,507.8845521885522,23.870082695482605,118795.68170144815,55.63792133361392,9.085561230788743
1981-05,131.7,6.35333,14.8667,89.8,14.1,493.802037026726,23.821467698580175,115966.06614282915,55.741888715757234,8.818483466548068
1981-06,132.3,6.39,15.01,90.6,13.47,491.6715571192054,23.74740173841059,115930.4804036851,55.78223788631347,8.765340744304929
1981-07,129.1,6.43333,15.0967,91.6,14.28,474.54150955240175,23.647421608433405,112356.06192717167,55.491950482259824,8.445319467875512
1981-08,129.6,6.47667,15.1833,92.3,14.94,472.766548212351,23.62617993680932,112401.9680871049,55.387008730498366,8.399806316566439
1981-09,118.3,6.52,15.27,93.2,15.32,427.37810702789693,23.55456684549356,102077.38294723877,55.165373578326175,7.5811630519231565
1981-10,119.8,6.55667,15.3,93.4,15.15,431.87034207708774,23.636321500722698,103620.78617730484,55.1553942719486,7.64914171331921
1981-11,122.9,6.59333,15.33,93.7,13.39,441.6271155282817,23.692378434711845,106435.49618889017,55.08660440234791,7.8107525657161085
1981-12,123.8,6.63,15.36,94,13.72,443.44139308510637,23.748113377659575,107349.70722884669,55.01825361702127,7.832562137141896
1982-01,117.3,6.66,15.1767,94.3,14.59,418.82226219512194,23.779678313891832,101869.55117572713,54.18874532529162,7.388659973375995
1982-02,114.5,6.69,14.9933,94.6,14.43,407.5283152748415,23.81104304968288,99605.16752900764,53.364142265591965,7.181823450546733
1982-03,110.8,6.72,14.81,94.5,13.86,394.7765894179894,23.943128888888886,96976.14895593587,52.76752066137566,6.950673793536032
1982-04,116.3,6.75,14.5967,94.9,13.87,412.62633377239194,23.94864791886196,101851.15123042387,51.78833023366701,7.259072625426144
1982-05,116.4,6.78,14.3833,95.8,13.62,409.1013475991649,23.829099112734866,101471.21393074509,50.55178189796451,7.192612484464623
1982-06,109.7,6.81,14.17,97,14.3,380.7836847938144,23.63844023195876,94936.05452811033,49.1860055927835,6.692133988197588
1982-07,109.4,6.82333,13.9667,97.5,13.95,377.79494717948717,23.563250429051283,94680.47077970466,48.231706478717946,6.638653100208758
1982-08,109.7,6.83667,13.7633,97.7,13.06,378.0554495905834,23.560987698746157,95237.81441220472,47.43200154375639,6.643422752166089
1982-09,122.4,6.85,13.56,97.9,12.34,420.9612931562819,23.55869982124617,106541.00294742495,46.63590796731358,7.398838200323305
1982-10,132.7,6.85667,13.2533,98.2,10.91,454.99107102851315,23.509597791929732,115649.42868052203,45.44184748803462,7.999840994534586
1982-11,138.1,6.86333,12.9467,98,10.55,474.4724951530611,23.580458437066323,121100.6809651061,44.48119517015306,8.347476938155426
1982-12,139.4,6.87,12.64,97.6,10.54,480.90179149590165,23.70010981045082,123245.7307387477,43.605442213114756,8.467738401400474
1983-01,144.3,6.88333,12.5667,97.8,10.46,496.7877921779141,23.697535090311863,127823.1035077968,43.26391647929449,8.756783224134741
1983-02,146.8,6.89667,12.4933,97.9,10.72,504.87841368743614,23.719208510393255,130413.39177164118,42.9672853250766,8.910493436624117
1983-03,151.9,6.91,12.42,97.9,10.51,522.4184675689479,23.765053396322774,135455.65795781653,42.71519004085802,9.232829705190523
1983-04,157.7,6.92,12.4767,98.6,10.4,538.5155114097363,23.630484077079107,140139.97914333636,42.60555790238336,9.531581284160408
1983-05,164.1,6.93,12.5333,99.2,10.38,556.9809579133064,23.521499319556447,145455.40478272276,42.5399722109375,9.874456504668395
1983-06,166.4,6.94,12.59,99.5,10.85,563.0846391959799,23.48441944723618,147560.45833325593,42.60357937185929,10.000117903130016
1983-07,167,6.96,12.8267,99.9,11.38,562.8522697697697,23.457795195195192,148011.8381569646,43.23076172847848,10.014475995571019
1983-08,162.4,6.98,13.0633,100.2,11.85,545.7097864271457,23.454767914171658,144017.90940962266,43.89637101621756,9.728056935665204
1983-09,167.2,7,13.3,100.7,11.65,559.049471698113,23.405181231380336,148053.11410181323,44.46984433962264,9.984202458028772
1983-10,167.7,7.03,13.5433,101,11.54,559.0557616336633,23.435670866336633,148571.98574072827,45.14883659232674,10.00339179944962
1983-11,165.2,7.06,13.7867,101.2,11.69,549.6332144268774,23.489167638339918,146588.09206009045,45.869420322875484,9.853581649364276
1983-12,164.4,7.09,14.03,101.3,11.83,546.4316001974333,23.565693706811448,146257.96702986216,46.63281843534057,9.815010903608664
1984-01,166.4,7.12,14.44,101.9,11.67,549.8225868498528,23.526062610402352,147690.3481754499,47.71296967615308,9.89493180920253
1984-02,157.3,7.15,14.85,102.4,11.84,517.2163020019531,23.509831909179688,139458.08247411528,48.828112426757805,9.324529645727976
1984-03,157.4,7.18,15.26,102.6,12.32,516.5362509746589,23.562454142300197,139804.15163282506,50.07841924951267,9.326747066508238
1984-04,157.6,7.22333,15.5733,103.1,12.63,514.6843782735208,23.5896897849903,139834.98887873246,50.858719721871964,9.305643404594816
1984-05,156.6,7.26667,15.8867,103.4,13.41,509.93480802707927,23.66237529659091,139080.3119282567,51.731681447533845,9.23183181689604
1984-06,153.1,7.31,16.2,103.7,13.56,497.09554749276754,23.734607786885242,136117.96533992162,52.59926759884281,9.010185512291002
1984-07,151.1,7.33333,16.32,104.1,13.36,488.71669332372716,23.718866900408262,134364.85048327586,52.78528414985591,8.868302214043295
1984-08,164.4,7.35667,16.44,104.5,12.72,529.698766507177,23.703278738444975,146175.2868907279,52.9698766507177,9.623063257373163
1984-09,166.1,7.38,16.56,105,12.52,532.6277288095238,23.66521757142857,147527.78088817722,53.10243942857142,9.687341313628076
1984-10,164.8,7.43,16.5867,105.3,12.16,526.953477682811,23.75767196106363,146504.48964336357,53.03652456481482,9.595070703048501
1984-11,166.3,7.48,16.6133,105.3,11.57,531.7497775403609,23.917548622981958,148392.0980556375,53.12157894895536,9.691973221783083
1984-12,164.5,7.53,16.64,105.3,11.5,525.9942177113011,24.077425284900283,147345.8579175122,53.20695308641975,9.595054801133456
1985-01,171.6,7.57333,16.5567,105.5,11.38,547.6565203791469,24.17006733964455,153978.30822957563,52.840237243364925,9.997001177730448
1985-02,180.9,7.61667,16.4733,106,11.51,574.6139172169811,24.193723520448113,162124.46659369438,52.32607762570754,10.494935172607075
1985-03,179.4,7.66,16.39,106.4,11.86,567.7070004699248,24.239886419172933,160745.64460264193,51.86576219454887,10.373217214924729
1985-04,180.6,7.68667,16.13,106.9,11.43,568.8312923292797,24.21051179296071,161635.25176430936,50.80425661833488,10.397118719816817
1985-05,184.9,7.71333,15.87,107.3,10.85,580.2038790773532,24.203915557618828,165439.94415170825,49.79900249301025,10.608120467860095
1985-06,188.9,7.74,15.61,107.6,10.16,591.1029481877324,24.21988787174721,169123.22320250844,48.846569725836424,10.810049845861212
1985-07,192.5,7.77333,15.4833,107.8,10.31,601.2504464285714,24.27905523499536,172605.45409993117,48.3602131801948,10.99756395679338
1985-08,188.3,7.80667,15.3567,108,10.33,587.0431210648148,24.338034635810185,169109.09292172466,47.875969714583334,10.73879980887728
1985-09,184.1,7.84,15.23,108.3,10.37,572.3593354108956,24.3742378578024,165464.26771000202,47.34944420590951,10.471234661697546
1985-10,186.2,7.86,15.0233,108.7,10.24,576.7579259429622,24.34649461821527,167322.393781316,46.53494816766329,10.552516982943747
1985-11,197.5,7.88,14.8167,109,9.78,610.0761410550459,24.34126577981651,177576.75957536622,45.76868435022936,11.16461112866747
1985-12,207.3,7.9,14.61,109.3,9.26,638.5906845837146,24.336065645013726,186466.87429293268,45.00631887008234,11.690521474467598
1986-01,208.2,7.94,14.58,109.6,9.19,639.6075916970802,24.392335629562044,187357.350336089,44.79096391423358,11.715007584487983
1986-02,219.4,7.98,14.55,109.3,8.7,675.8649117108874,24.582506816102473,198578.11279479018,44.82148799176578,12.388219099418123
1986-03,232.3,8.02,14.52,108.8,7.78,718.8921698069853,24.819264751838233,211827.78017541603,44.93462895220588,13.189022981532712
1986-04,238,8.04667,14.5833,108.6,7.3,737.888209023941,24.947659306330575,218037.71394281846,45.213634952348066,13.552504172869478
1986-05,238.5,8.07333,14.6467,108.9,7.71,737.4013739669421,24.961361150895314,218508.509884141,45.285101484618906,13.560046199232335
1986-06,245.3,8.1,14.71,109.5,7.8,754.270057762557,24.906593835616437,224122.10965689473,45.23160436073059,13.888688626457116
1986-07,240.2,8.14333,14.7567,109.5,7.3,738.5881283105023,25.03982873819635,220082.43958902897,45.37520163630137,13.619995534083808
1986-08,245,8.18667,14.8033,109.7,7.17,751.9741226071103,25.127199960505923,224695.10543911226,45.43550420077484,13.887667550866055
1986-09,238.3,8.23,14.85,110.2,7.45,728.0913754537204,25.14558128402904,218184.913812209,45.37203913339383,13.467314312977129
1986-10,237.4,8.24667,14.7267,110.3,7.43,724.6839469628286,25.173670450294647,217792.46321038646,44.954520142112415,13.425918860857358
1986-11,245.1,8.26333,14.6033,110.4,7.25,747.5111528532608,25.201678232178438,225283.98838276364,44.53745254370471,13.872985596138601
1986-12,248.6,8.28,14.48,110.5,7.11,757.4993859728506,25.2296657918552,228927.87020973547,44.121444524886876,14.085139814743307
1987-01,264.5,8.3,14.6867,111.2,7.08,800.8742457284171,25.13140355215827,242669.33897937782,44.469564403552155,14.922208103718944
1987-02,280.9,8.32,14.8933,111.6,7.25,847.4829769265232,25.101667383512545,257425.87178022898,44.933493130152335,15.82231814283645
1987-03,292.5,8.34,15.1,112.1,7.25,878.5443632917038,25.049777743086526,267494.9545058283,45.35391413916146,16.43334397606992
1987-04,289.3,8.4,14.8733,112.7,8.02,864.3068529281278,25.095670807453416,263796.7366969255,44.435171502440106,16.196534453220877
1987-05,289.1,8.46,14.6467,113.1,8.61,860.6546620247569,25.185535941644567,263322.62167870667,43.60342662842617,16.160311952655736
1987-06,301.4,8.52,14.42,113.5,8.4,894.1097387665197,25.274767665198233,274202.8238119683,42.77724762114537,16.825207307878717
1987-07,310.1,8.56667,14.9,113.8,8.45,917.493387741652,25.3462208318761,282021.8077546726,44.08465487697715,17.30600439051222
1987-08,329.4,8.61333,15.38,114.4,8.76,969.4848107517481,25.350615072836533,298652.44600571675,45.26616997377622,18.32690724585634
1987-09,318.7,8.66,15.86,115,9.42,933.0988667391304,25.354992739130434,288094.5460612518,46.4353562173913,17.675620449938222
1987-10,280.2,8.71,16.4067,115.3,9.52,818.2429319167389,25.435031895056376,253287.1656229799,47.91101467194276,15.530055563627313
1987-11,245,8.76,16.9533,115.4,8.86,714.8315532928942,25.558875129982667,221935.47767762034,49.46430111200173,13.590885143189082
1987-12,241,8.81,17.5,115.4,8.99,703.1608340554592,25.704759120450607,218977.09285782918,51.05939666377816,13.389028514426963
1988-01,250.5,8.85667,17.8633,115.7,8.67,728.9836873379429,25.773923968604144,227687.6722250214,51.98424871067415,13.898336683569136
1988-02,258.1,8.90333,18.2267,116,8.21,749.15805625,25.842702041659482,234661.48234883315,52.904607298922414,14.298270962469523
1988-03,265.7,8.95,18.59,116.5,8.37,767.9077804721029,25.8666715665236,241209.7187275696,53.72753345493562,14.66894681110346
1988-04,262.6,9.04333,19.6167,117.1,8.72,755.0596554227157,26.002489084820663,237854.60030711093,56.4043364148164,14.433316420838944
1988-05,256.1,9.13667,20.6433,117.5,9.09,733.8632682978724,26.181438920574468,231864.72893616275,59.1540789006383,14.031891348027772
1988-06,270.7,9.23,21.67,118,8.92,772.4132006355931,26.336807690677965,244738.04119762158,61.83300353813559,14.766468647879615
1988-07,269.1,9.30667,22.0233,118.5,9.06,764.607909493671,26.44352840225738,242963.16187314922,62.57595456392404,14.6083157175221
1988-08,263.7,9.38333,22.3767,119,9.26,746.1164363445378,26.5493240069958,237790.30866821206,63.31294524516806,14.24494631067565
1988-09,268,9.46,22.73,119.8,8.98,753.2192570951586,26.587515567612687,240760.13521524513,63.88311087228715,14.369428776140161
1988-10,277.4,9.55,23.0733,120.2,8.8,777.0436717970049,26.75114299084859,249087.97156071366,64.63216204929284,14.811450153277725
1988-11,271,9.64,23.4167,120.3,8.96,758.485184954281,26.980801413133833,243859.63425387358,65.53955730818785,14.445530680872888
1988-12,276.5,9.75,23.75,120.5,9.11,772.5943495850622,27.243381224066386,249125.76981918776,66.36208246887966,14.702086748571999
1989-01,285.4,9.81333,24.16,121.1,9.09,793.5115718414534,27.284481125784477,256603.7665806882,67.17322906688688,15.088072442713285
1989-02,294,9.89667,24.56,121.6,9.17,814.0614597039474,27.40305315104852,263987.5982189934,68.00458996710525,15.467060462734752
1989-03,292.7,10.01,24.96,122.3,9.36,805.8230840147179,27.558213430089943,262060.74518084002,68.71658413736714,15.298969108882359
1989-04,302.3,10.0867,25.0467,123.1,9.18,826.8439120633632,27.588906674857842,269644.5826725561,68.50714989175466,15.686742656144583
1989-05,313.9,10.1933,25.1333,123.8,8.86,853.7173544022617,27.722832458198706,279161.76077839825,68.35531820133279,16.18635353854455
1989-06,323.7,10.37,25.22,124.1,8.28,878.2423120467365,28.135226369863013,287947.986802906,68.4253046333602,16.641904235808585
1989-07,331.9,10.4233,24.71,124.4,8.02,898.3184322749195,28.21163758701768,295301.12310090713,66.87992907958198,17.01340765049913
1989-08,346.6,10.5467,24.2,124.6,8.11,936.5995718298556,28.49981161055377,308665.8706160485,65.39443057784912,17.73425143657732
1989-09,347.3,10.73,23.69,125,8.19,935.4879745999999,28.90234946,309093.2876505593,63.81143138,17.714220678979075
1989-10,347.4,10.7967,23.4267,125.6,8.01,931.2871564490445,28.943085901074838,308502.22155088256,62.800762314291404,17.640853852797946
1989-11,340.2,10.9233,23.1633,125.9,7.87,909.8127486100078,29.212691348888,302194.9429963871,61.94669500258141,17.242369266947424
1989-12,348.6,11.06,22.87,126.1,7.84,930.7986292624902,29.531362133227596,309982.8232054766,61.065303072957974,17.650212904947324
1990-01,339.97,11.14,22.49,127.4,8.21,898.492809988226,29.441450431711143,300041.12355815986,59.43790127551019,17.048843606878265
1990-02,330.45,11.23,22.08,128,8.47,869.2390438476561,29.54018599609375,291094.2217146187,58.08079312499999,16.508093516490284
1990-03,338.46,11.32,21.67,128.7,8.59,885.4667180652681,29.614971484071486,297355.0746120325,56.692264316239324,16.833748233480943
1990-04,338.18,11.4367,21.5333,128.9,8.79,883.3614472071373,29.87385375620636,297484.1013263703,56.24722648041117,16.81391389873576
1990-05,350.25,11.5533,21.3967,129.2,8.76,912.7651901122291,30.10835138022446,308231.1657186773,55.76063652612229,17.392413588645
1990-06,360.39,11.66,21.26,129.9,8.48,934.1293540993071,30.22267063125481,316296.10801351565,55.105829984603545,17.817082821653003
1990-07,360.03,11.7267,21.42,130.4,8.47,929.6180291986195,30.279009368673307,315622.9463107731,55.307663765337416,17.747171587070238
1990-08,330.75,11.7833,21.58,131.6,8.75,846.2280219414894,30.14772078894377,288163.43468707864,55.21270056990881,16.168334756508973
1990-09,315.41,11.83,21.74,132.7,8.89,800.2910765071591,30.01630714016579,273372.447540972,55.16099046721929,15.301285443522621
1990-10,307.12,11.9267,21.6067,133.5,8.72,774.5871219475655,30.080321136142324,265448.4655824766,54.49424188520599,14.818147965500795
1990-11,315.29,12.0133,21.4733,133.8,8.39,793.409729615097,30.230800548019428,272762.24449512275,54.03636381408818,15.18760759950318
1990-12,328.75,12.09,21.34,133.8,8.08,827.2810701606875,30.423811827354253,285278.3020048224,53.700921786248124,15.846314974728761
1991-01,325.49,12.1067,21.1833,134.6,8.09,814.2092449665677,30.284761639487368,281640.91350903176,52.989765273588404,15.60619011880236
1991-02,362.26,12.1133,21.0267,134.8,7.85,904.8444552299702,30.25631408252967,313864.4501142282,52.51999366969584,17.354664745205106
1991-03,372.28,12.11,20.94,135,8.11,928.4945857037036,30.20325946296296,322941.0517342242,52.22594988888889,17.81862008339738
1991-04,379.68,12.13,20.3633,135.2,8.04,945.5499328402367,30.208387814349116,329748.6654244758,50.7124866924926,18.15534589519802
1991-05,377.99,12.14,19.8567,135.6,8.07,938.5643620759587,30.144107927728616,328188.5669334109,49.30498417533186,18.035430911004056
1991-06,378.29,12.15,19.41,136,8.28,936.5465997977941,30.080206158088235,328359.5285374743,48.054057738970585,18.01522704468833
1991-07,380.23,12.1933,18.84,136.2,8.27,939.9672250917769,30.143077520741556,330439.51986184734,46.574395814977976,18.10345234551975
1991-08,389.4,12.2367,18.33,136.6,7.9,959.8175501464127,30.161785865117132,338301.3745302954,45.18093398609077,18.51225845533772
1991-09,387.2,12.28,17.82,137.2,7.65,950.2211137026239,30.136144825072883,335804.13321842987,43.73176716472304,18.357282591774325
1991-10,386.88,12.2533,17.2033,137.4,7.53,948.0538043668121,30.026849878639005,335922.4954152361,42.15688071925035,18.349187992001983
1991-11,385.92,12.2267,16.5867,137.8,7.42,942.956171843251,29.874694823476048,334998.3802109268,40.52791028066037,18.288868169301338
1991-12,388.51,12.2,15.97,137.9,7.09,948.5961865663522,29.787839376359674,337883.9533049988,38.9927700688905,18.441652313512723
1992-01,416.08,12.24,16.0467,138.1,7.03,1014.4405504706734,29.842223461259955,362223.0995884054,39.123301243120935,19.77306821146264
1992-02,412.56,12.28,16.1233,138.6,7.34,1002.229835064935,29.831739321789318,358750.7182607007,39.168247769300145,19.582982970386738
1992-03,407.36,12.32,16.19,139.3,7.54,984.6246506819813,29.778514572864317,353337.1723237392,39.13264212132089,19.28356186129855
1992-04,407.41,12.32,16.4833,139.5,7.48,983.333683530466,29.735821362007165,353763.13928474806,39.784453267562725,19.301229507881043
1992-05,414.81,12.32,16.7667,139.7,7.39,999.7611360236222,29.693250393700787,360563.2642738491,40.410537449355765,19.662279795641687
1992-06,408.27,12.32,17.05,140.2,7.26,980.4893799393724,29.587354350927246,354502.1386294163,40.946785039229674,19.3153659676446
1992-07,415.05,12.3433,17.38,140.5,6.84,994.6436922597866,29.580015628647686,360510.95661600213,41.65018039145907,19.62074069482441
1992-08,417.93,12.3667,17.71,140.9,6.59,998.7021680801986,29.55195870599716,362874.5588727323,42.320521132008516,19.722137498351525
1992-09,418.48,12.4,18.04,141.3,6.42,997.1855670205238,29.547651096956827,363218.17646155297,42.98706659589525,19.70876642474531
1992-10,412.5,12.3867,18.39,141.8,6.59,979.4700502468264,29.411882839739068,357658.174715937,43.66655569464034,19.370271076906977
1992-11,422.84,12.3833,18.74,142,6.87,1002.6079838732393,29.362395815669014,367000.5868154956,44.434948485915484,19.833656038801237
1992-12,435.64,12.39,19.09,141.9,6.77,1033.6863770965467,29.398985887949255,379273.48825941014,45.29674258280479,20.44860672124297
1993-01,435.23,12.4133,19.34,142.6,6.6,1027.6441080469847,29.3096859279453,377952.6747890896,45.66467626227209,20.323410802995717
1993-02,441.7,12.4467,19.59,143.1,6.26,1039.2767325296993,29.285863044549266,383128.56271145004,46.0933465932914,20.54533679290045
1993-03,450.16,12.48,19.84,143.6,5.98,1055.4943213091922,29.261971587743734,390006.1145213297,46.51903175487465,20.85520014869092
1993-04,443.08,12.4933,19.67,144,5.97,1036.0079636805556,29.211786342534722,383705.36941086606,45.99231887152778,20.457362016642193
1993-05,445.25,12.5067,19.5,144.2,6.04,1039.6379078536754,29.202559061546463,385951.09921619174,45.531587205270455,20.51760563376487
1993-06,448.06,12.52,19.33,144.4,5.96,1044.7500970567867,29.193124168975064,388752.0566943275,45.072131804016614,20.608357012960205
1993-07,447.29,12.52,19.69,144.4,5.81,1042.954673286011,29.193124168975064,388989.20996731875,45.91155070983379,20.564596413297146
1993-08,454.13,12.52,20.05,144.8,5.68,1055.9784843404695,29.112480179558005,394751.5173000737,46.62182329074585,20.81222754662739
1993-09,459.24,12.52,20.41,145.1,5.36,1065.6528105444522,29.052288973121982,399273.06574837543,47.360800155065476,20.993501005229135
1993-10,463.9,12.54,20.9,145.7,5.33,1072.033259951956,28.978868462594374,402568.4621152345,48.29811410432395,21.10917824747513
1993-11,462.89,12.56,21.39,145.8,5.72,1068.9655605109738,29.005179286694098,402324.14925567084,49.39655931069958,21.03790118960638
1993-12,465.95,12.58,21.89,145.8,5.77,1076.0321089677639,29.051365877914947,405894.93651223724,50.551224091220845,21.16473207981465
1994-01,472.99,12.6233,22.1567,146.2,5.75,1089.301308122435,29.071602365424077,411814.1236614002,51.02713015851574,21.411974913826548
1994-02,471.58,12.6667,22.4333,146.7,5.97,1082.352446455351,29.072127175698707,410102.98400763946,51.48805533963872,21.263840187313033
1994-03,463.81,12.71,22.71,147.2,6.48,1060.9031450577445,29.072419684103263,402893.81165206607,51.94607797214674,20.833375889460417
1994-04,447.23,12.7533,23.54,147.4,6.97,1021.5905889246947,29.131881264077336,388886.22032273246,53.77153246268656,20.055250085063857
1994-05,450.9,12.7967,24.37,147.5,7.18,1029.275543898305,29.21120060457627,392738.27800469496,55.62972944067797,20.196492421281455
1994-06,454.83,12.84,25.2,148,7.1,1034.739018293919,29.211021689189188,395751.7950434749,57.33004256756756,20.290763690670325
1994-07,451.4,12.87,25.91,148.4,7.3,1024.1677415768193,29.200351869946086,392639.32509625325,58.78641157345013,20.067951816142156
1994-08,464.24,12.9,26.62,149,7.24,1049.058550738255,29.150558557046978,403113.1124567416,60.154098355704704,20.535549404755642
1994-09,466.96,12.92,27.33,149.4,7.46,1052.3798443105757,29.117585207496653,405321.7565987123,61.59315818273092,20.576450100818878
1994-10,463.81,13.0133,28.42,149.5,7.74,1044.5815582107023,29.308236543979927,403258.9308940694,64.00683013377926,20.395759282410264
1994-11,461.01,13.0967,29.51,149.7,7.96,1036.8883250000001,29.456661083333334,401236.61247219605,66.37290833333334,20.209473020394054
1994-12,455.19,13.17,30.6,149.7,7.81,1023.7981750000001,29.621525,397126.4198464397,68.8245,19.91148410809033
1995-01,465.25,13.18,31.25,150.3,7.78,1042.2474471889552,29.525677278775778,405237.2101290173,70.00587366932801,20.219119422457304
1995-02,481.92,13.18,31.9,150.9,7.47,1075.2987705765406,29.408278959575874,419040.7813086021,71.17785271703113,20.802571764332683
1995-03,493.15,13.17,32.55,151.4,7.2,1096.722115505284,29.288918708718622,428340.5465637085,72.388329838177,21.15273730203699
1995-04,507.91,13.2433,33.1767,151.9,7.06,1125.8289926102698,29.354986312211974,440664.07230489474,73.53919146922317,21.642739261879655
1995-05,523.81,13.3067,33.8033,152.2,6.63,1158.7842178219448,29.43737987302891,454523.3559873968,74.78041761383048,22.195426698019958
1995-06,539.35,13.36,34.43,152.5,6.17,1190.8149497540983,29.4971497704918,468051.3083794408,76.01698103278689,22.718356759520617
1995-07,557.37,13.44,34.68,152.5,6.28,1230.6007760163934,29.67377940983606,484661.12026853417,76.5689486557377,23.37641269151213
1995-08,559.11,13.51,34.93,152.9,6.49,1231.2130593688685,29.750296778940477,485878.6699769101,76.91916110202746,23.28407025623054
1995-09,578.77,13.58,35.18,153.2,6.2,1272.0104679667102,29.84588377937337,502960.23599364416,77.31798169060052,23.94600707529987
1995-10,582.92,13.65,34.7733,153.7,6.04,1276.9636286922575,29.90213671112557,505904.0338578498,76.17552897413793,23.926762764083275
1995-11,595.53,13.72,34.3667,153.6,5.93,1305.4368481933593,30.075048372395834,518177.39879522845,75.33383126090496,24.34758688111482
1995-12,614.57,13.79,33.96,153.5,5.71,1348.05128757329,30.248185325732894,536093.240439023,74.49081752442997,25.027380664939113
1996-01,614.42,13.8933,33.9867,154.4,5.65,1339.8663704987046,30.297134607027203,533842.3087994636,74.11483411058937,24.762465194644033
1996-02,649.54,13.9967,34.0133,154.9,5.81,1411.880441478373,30.42409547562944,563544.9950088918,73.93341906601032,25.976065550593397
1996-03,647.07,14.1,34.04,155.7,6.27,1399.284719123314,30.49115944123314,559531.6750652747,73.61128137443802,25.629930395216114
1996-04,647.17,14.1567,34.33,156.3,6.51,1394.1286039187457,30.496253545585414,558486.1112581985,73.95342023352526,25.424203848381534
1996-05,661.23,14.2133,34.62,156.6,6.74,1421.6877797413792,30.55952530858876,570546.4568808044,74.43526599616857,25.814043827699027
1996-06,668.5,14.27,34.91,156.7,6.91,1436.4015132418635,30.661854291640076,577476.7428530212,75.0108853063178,25.96667355833385
1996-07,644.07,14.4,35.2733,157,6.87,1381.2645224044586,30.882061146496813,556344.6358067781,75.64668107213375,24.8584113323484
1996-08,662.68,14.53,35.6367,157.3,6.64,1418.4648548633181,31.101428051493954,572372.0737882997,76.28026572902097,25.41252912145496
1996-09,674.88,14.66,36,157.8,6.83,1440.0016775665397,31.280264036755383,582114.346658641,76.81374524714828,25.68011551287677
1996-10,701.46,14.74,36.91,158.3,6.53,1491.9883598547062,31.351621509791535,604185.8806572391,78.50667231522424,26.483467720897213
1996-11,735.67,14.82,37.82,158.6,6.2,1561.792389139344,31.46215450819672,633514.9910879441,80.29005961538462,27.585612049012802
1996-12,743.25,14.9,38.73,158.6,6.3,1577.8843683007565,31.631990699873896,641111.6826476301,82.22194629571247,27.723946163893967
1997-01,766.22,14.9533,39.2333,159.1,6.58,1621.5365528284099,31.645379310653677,659919.5314787102,83.02867327671275,28.33287012995038
1997-02,798.39,15.0067,39.7367,159.6,6.42,1684.324013768797,31.65889499796366,686545.9424965337,83.83055654244987,29.265634883575963
1997-03,792.16,15.06,40.24,160,6.69,1667.00293775,31.691911031249997,680562.2056181473,84.68011287499999,28.802458591871666
1997-04,763.93,15.0933,40.3433,160.2,6.89,1605.5894006398253,31.72233385346442,656569.0582515678,84.79150559191636,27.58516033813655
1997-05,833.09,15.1267,40.4467,160.1,6.71,1752.0400454247347,31.812390204091194,717540.7785499439,85.0619238080887,29.928362224688787
1997-06,876.29,15.16,40.55,160.3,6.49,1840.5930260293196,31.8426437305053,754894.0386906711,85.17277066437927,31.256560616381275
1997-07,925.29,15.2167,40.58,160.5,6.22,1941.0926749065418,31.921910867133953,797203.6221119193,85.12957099688472,32.766637689669935
1997-08,927.24,15.2733,40.61,160.8,6.3,1941.5543520522388,31.980870201026118,798487.7731411646,85.0335643812189,32.58628348671318
1997-09,937.02,15.33,40.64,161.2,6.21,1957.164195130273,32.0199431296526,806004.8929066645,84.88522431761787,32.66658134170863
1997-10,951.16,15.3867,40.3333,161.6,6.03,1981.7810011757424,32.05882262793936,817242.8684940072,84.03609030522897,32.90149817979812
1997-11,938.92,15.4433,40.0267,161.5,5.88,1957.4897754179565,32.19667474195046,808332.1349474926,83.44891576888544,32.33660053281268
1997-12,962.37,15.5,39.72,161.3,5.81,2008.866829463732,32.35495272783633,830661.3377191155,82.91217563546186,33.03078904290543
1998-01,963.36,15.55,39.66,161.6,5.54,2007.2002032178216,32.39906489789605,831088.6029230189,82.63324204826732,32.859968415052236
1998-02,1023.74,15.6,39.6,161.9,5.57,2129.0519699505867,32.443013588634955,882661.2027305433,82.3553421865349,34.709677782269985
1998-03,1076.83,15.64,39.54,162.2,5.65,2235.3201615752155,32.46604136868064,927839.4577078008,82.07847031442664,36.29692773642509
1998-04,1112.2,15.75,39.35,162.5,5.64,2304.480111076923,32.63402423076923,957675.2693583894,81.53326053846153,37.27693404302877
1998-05,1108.42,15.85,39.16,162.8,5.65,2292.4157930282554,32.780706157862404,953796.9138771255,80.99006013513512,36.95659851896901
1998-06,1108.39,15.95,38.97,163,5.5,2289.541043542945,32.94704900306748,953743.1738956643,80.49821314417177,36.802293460092024
1998-07,1156.58,16.0167,38.6767,163.2,5.46,2386.156710447304,33.04428243979779,995136.992234553,79.79445195572916,38.25964508524856
1998-08,1074.62,16.0833,38.3833,163.4,5.34,2214.350199847001,33.14107179207466,924637.5619470589,79.09220750198897,35.42340102487833
1998-09,1020.64,16.14,38.09,163.6,4.81,2100.548552322738,33.217249602689485,878273.719018231,78.39188583435208,33.53235698083489
1998-10,1032.47,16.1667,37.9633,164,4.53,2119.7128482774388,33.19104836387195,887443.1014237256,77.94056463917683,33.77310287904813
1998-11,1144.43,16.1833,37.8367,164,4.83,2349.572360411585,33.225128998932924,984835.7063394516,77.68064847057927,37.36939188392094
1998-12,1190.05,16.2,37.71,163.9,4.65,2444.7232001982916,33.27970744356315,1025881.1322294148,77.46776343807198,38.82027478009815
1999-01,1248.77,16.28333333,37.93333333,164.3,4.72,2559.106337142422,33.369460761073235,1075046.7229905291,77.73684002157232,40.576957677208114
1999-02,1246.58,16.36666667,38.15666667,164.5,5,2551.512447689969,33.49945750428977,1073029.3537258424,78.0994480665998,40.40015922925994
1999-03,1281.66,16.45,38.38,165,5.23,2615.3651055454543,33.567994621212115,1101058.7668509688,78.31851875757576,41.35610363271299
1999-04,1334.76,16.45,39.26,166.2,5.18,2704.055509566787,33.3256264290012,1139566.2532810937,79.5358111612515,42.704509516892145
1999-05,1332.07,16.45,40.14,166.2,5.54,2698.605908649218,33.3256264290012,1138440.0000102534,81.31858023465705,42.55667670951803
1999-06,1322.55,16.45,41.02,166.2,5.9,2679.319588673285,33.3256264290012,1131475.3980748567,83.10134930806258,42.18067591174691
1999-07,1380.99,16.513333333333335,42,166.7,5.79,2789.320205443911,33.353590051989606,1179102.3737456908,84.83149670065987,43.828035992805404
1999-08,1327.49,16.576666666666668,42.98,167.1,5.94,2674.842698219629,33.40136332036705,1131887.0230830135,86.60309242968282,41.93071215994044
1999-09,1318.17,16.64,43.96,167.9,5.92,2643.4077935824894,33.369220726622984,1119761.7325031303,88.15570571768909,41.32345133471501
1999-10,1300.01,16.656666666666666,45.36333333333334,168.2,6.11,2602.3406183263974,33.34306677070947,1103542.4817692807,90.8076437227507,40.55285439953987
1999-11,1391,16.673333333333332,46.76666666666667,168.3,6.03,2782.828566547831,33.356598346207164,1181258.5394453336,93.56119048326401,43.2082907146139
1999-12,1428.68,16.69,48.17,168.3,6.28,2858.211011111111,33.38994160724896,1214438.090500866,96.36869306298277,44.19793976104055
2000-01,1425.59,16.713333333333335,49.09666666666667,168.8,6.66,2843.5812168098337,33.33758004541864,1209402.384432039,97.93163472057662,43.77257814693799
2000-02,1388.87,16.736666666666668,50.02333333333333,169.8,6.52,2754.0216502797402,33.18751384471928,1172488.0885347011,99.19239599038083,42.185635887917314
2000-03,1442.21,16.76,50.95,171.2,6.26,2836.4046001898364,32.96201045560748,1208730.9618773682,100.20372510221962,43.22074843996586
2000-04,1461.36,16.740000000000002,51.27333333333333,171.3,5.99,2872.389243082311,32.90345700525394,1225234.2624347087,100.78075978789647,43.52857428850773
2000-05,1418.48,16.72,51.59666666666667,171.5,6.44,2784.854639183673,32.825820291545185,1189062.707301872,101.2980207920311,41.9660505033243
2000-06,1461.96,16.7,51.92,172.4,6.1,2855.233744141531,32.61539544663572,1220273.3063722337,101.40067853828306,42.78197156707145
2000-07,1473,16.583333333333332,52.51333333333334,172.8,6.05,2870.1358116319443,32.31257221739968,1227792.985858063,102.3220628568673,42.758093618269584
2000-08,1485.46,16.46666666666667,53.10666666666666,172.8,5.83,2894.4140819733793,32.08524758873457,1239322.5889967422,103.47817096836418,42.86956549441949
2000-09,1468.05,16.35,53.7,173.7,5.8,2845.669556778929,31.692856001727122,1219582.1336981975,104.09213255613126,41.89800792488473
2000-10,1390.14,16.323333333333334,52.46666666666667,174,5.74,2690.0027904310346,31.586611575670496,1153995.389443683,101.52609070881226,39.36969904420136
2000-11,1378.04,16.296666666666667,51.23333333333333,174.1,5.72,2665.0569357265936,31.51689684568256,1144420.4779966932,99.08257404748228,38.782142456784776
2000-12,1330.93,16.27,50,174,5.24,2575.427952485632,31.483408433908043,1107058.9038163812,96.75294540229885,37.2742380044972
2001-01,1335.63,16.169999999999998,48.48,175.1,5.16,2568.2864357938324,31.093335479725866,1105102.8922683976,93.2223193603655,36.97886799702982
2001-02,1305.75,16.07,46.96,175.8,5.1,2500.8324882679176,30.778003512514218,1077181.8837515586,89.93995301478952,35.83466265143128
2001-03,1185.85,15.97,45.44,176.2,4.89,2266.038544055051,30.517043090238367,977144.6293049771,86.83121089670828,32.32583723617875
2001-04,1189.84,15.876666666666665,42.556666666666665,176.9,5.14,2264.666056868287,30.218641242698318,977638.6839048871,80.99966255417372,32.17390116836069
2001-05,1270.37,15.783333333333331,39.67333333333333,177.7,5.39,2407.056255444569,29.905752837178763,1040183.2627452163,75.17175718439317,34.074643217140036
2001-06,1238.71,15.69,36.79,178,5.28,2343.1121723455058,29.678802935393254,1013619.3016105469,69.59102358146066,33.06853441111278
2001-07,1204.45,15.706666666666667,33.96333333333333,177.5,5.24,2284.7245978169017,29.794020244131456,989435.1743263812,64.4251426713615,32.16303868744436
2001-08,1178.5,15.723333333333333,31.136666666666667,177.5,4.97,2235.49996971831,29.82563529107981,969194.0619080174,59.06323070892019,31.404318760780146
2001-09,1044.64,15.74,28.31,178.3,4.73,1972.6895634324171,29.723286231071228,856327.2971776417,53.4603705973079,27.6673925868625
2001-10,1076.59,15.740000000000002,27.103333333333335,177.7,4.57,2039.8881381401236,29.823646229600453,886576.459788134,51.35452509379103,28.5773731133601
2001-11,1129.68,15.740000000000002,25.896666666666665,177.4,4.65,2144.1011184892895,29.874080806087935,932951.5092233903,49.15115073750469,30.005103811056824
2001-12,1144.93,15.74,24.69,176.7,5.09,2181.6537477787215,29.992427475947938,950379.1258075945,47.04657143463497,30.499953255020465
2002-01,1140.21,15.736666666666668,24.69333333333333,177.1,5.04,2167.752637224732,29.918348960097877,945409.5727275505,46.946648823640125,30.277204433096
2002-02,1100.67,15.733333333333334,24.69666666666667,177.8,4.91,2084.3411932930258,29.794247844019495,910114.6491614471,46.76813183820772,29.085704152008432
2002-03,1153.79,15.73,24.7,178.8,5.28,2172.7146613394852,29.62133631152125,949780.2067043886,46.51284214205816,30.292130640918685
2002-04,1111.93,15.833333333333332,25.38,179.8,5.21,2082.241985442158,29.65009617167222,911311.096104546,47.527543631813124,29.005883253118693
2002-05,1079.25,15.936666666666667,26.06,179.8,5.16,2021.0441869438262,29.843602062476826,885615.79616959,48.800937235817564,28.128107508688338
2002-06,1014.02,16.04,26.74,179.9,4.93,1897.8365064202333,30.02041139521956,832722.780324894,50.04649630350194,26.387672541183356
2002-07,903.59,15.96,27.84,180.1,4.65,1689.278061618545,29.837512437534706,742303.5919093455,52.04739011660189,23.46312046743144
2002-08,912.55,15.879999999999999,28.939999999999998,180.7,4.26,1700.3642121610403,29.58937448810182,748258.5899903458,53.92421270060874,23.58871352884238
2002-09,867.81,15.8,30.04,181,3.87,1614.319579848066,29.391513535911603,711471.8060587781,55.88108016574585,22.36503680122434
2002-10,854.63,15.89,29.223333333333333,181.3,3.94,1587.1711784749032,29.51002191119691,700590.6315212102,54.27194505883433,21.956233863659083
2002-11,909.93,15.98,28.406666666666666,181.3,4.05,1689.8712547297293,29.67716489244346,747014.9497806893,52.755277266041546,23.348396502725137
2002-12,899.18,16.07,27.59,180.9,4.03,1673.5993963239355,29.910298604201213,740923.7353699934,51.35190656440022,23.101442537685635
2003-01,895.84,16.119999999999997,28.5,181.7,4.05,1660.0415627958175,29.8712604843148,736023.5422965074,52.812092047330765,22.898348576613223
2003-02,837.03,16.169999999999998,29.41,183.1,3.9,1539.2037698388858,29.73480634898962,683545.5385868531,54.0816731430912,21.214102123415294
2003-03,846.63,16.22,30.32,184.2,3.81,1547.5598949918567,29.648632220412594,688353.6357362751,55.42210412595006,21.309719026990997
2003-04,890.03,16.203333333333333,31.73,183.8,3.96,1630.4315751224156,29.682624505803403,726315.1395520287,58.12567427910771,22.42793957773091
2003-05,935.96,16.186666666666667,33.13999999999999,183.5,3.57,1717.3731116621252,29.7005706448683,766147.9174159036,60.807881662125325,23.591080453481485
2003-06,988,16.17,34.55,183.7,3.33,1810.8864833968428,29.63768667664671,808967.5657299984,63.32604048720739,24.832223259531062
2003-07,992.54,16.310000000000002,35.89333333333333,183.9,3.98,1817.2292883904295,29.861778561718328,812912.7188030104,65.71666289650172,24.867329101268787
2003-08,989.53,16.450000000000003,37.236666666666665,184.6,4.45,1804.8483119312025,30.003895517334783,808492.7440666098,67.91763258847959,24.642251409932168
2003-09,1019.44,16.59,38.58,185.2,4.27,1853.3785251619872,30.16121569924406,831358.0556070347,70.13982529697624,25.24368675260626
2003-10,1038.73,16.85666666666667,41.96666666666667,185,4.29,1890.490003689189,30.679156112612617,849151.7081965123,76.37939004504504,25.68275607057969
2003-11,1049.9,17.123333333333335,45.35333333333333,184.5,4.3,1915.997791192412,31.248946418247517,861778.7198724756,82.76682206865402,25.946798218420124
2003-12,1080.64,17.39,48.74,184.3,4.27,1974.2363437873034,31.770034441128594,889164.0890925752,89.04378830710797,26.635170511081537
2004-01,1132.52,17.6,49.826666666666675,185.2,4.15,2058.962025539957,31.997431965442765,928524.0916762486,90.58666913246942,27.658540355736577
2004-02,1143.36,17.810000000000002,50.913333333333334,186.2,4.08,2067.5058960257784,32.20532466433943,933587.391098735,92.06515607769423,27.650862036740218
2004-03,1123.98,18.02,52,187.4,3.83,2019.4468889807895,32.37640610992529,913104.5316731728,93.42803094983991,26.886530384035858
2004-04,1133.36,18.213333333333335,53.38333333333333,188,4.35,2029.801039042553,32.619329184397166,919015.3049892163,95.60734935726948,26.900577508444886
2004-05,1102.78,18.406666666666666,54.76666666666667,189.1,4.72,1963.5446943151771,32.773819504671245,890253.5576109319,97.51428005464483,25.902814292943756
2004-06,1132.76,18.6,56.15,189.7,4.73,2010.545994675804,33.01330864522931,912810.8539175125,99.66114410911966,26.401285366474905
2004-07,1105.85,18.78666666666667,56.69,189.4,4.5,1965.892140773495,33.39744120028159,893801.0623596824,100.77897134371698,25.695888646268557
2004-08,1088.94,18.973333333333333,57.23,189.5,4.28,1934.8093416094987,33.71148325417766,880946.3936009525,101.68525228232188,25.174462226477775
2004-09,1117.66,19.16,57.77,189.9,4.13,1981.6556156661402,33.971441758820426,903565.1465195251,102.42850680621379,25.668406776357696
2004-10,1117.21,19.253333333333334,58.03,190.9,4.1,1970.4813321241486,33.95810448751527,899760.375171669,102.35052649292824,25.411655665489327
2004-11,1168.94,19.346666666666668,58.29,191,4.19,2060.6407865706806,34.104856038394416,942226.6936116937,102.75527524869109,26.46531081481804
2004-12,1199.21,19.44,58.55,190.3,4.23,2121.777755136626,34.39544330005255,971492.1416268651,103.59327187335784,27.144808694741226
2005-01,1181.41,19.703333333333333,59.10666666666666,190.7,4.22,2085.899540390666,34.78823942929558,956392.0546825462,104.35883294878516,26.587250697970372
2005-02,1199.63,19.96666666666667,59.663333333333334,191.8,4.17,2105.921381165276,35.05099926138338,966911.3872034065,104.73753518856448,26.744863128101183
2005-03,1194.9,20.23,60.22,193.3,4.5,2081.340552121055,35.23769300310398,956973.6121539787,104.89440794102431,26.339142131057933
2005-04,1164.43,20.46333333333333,61.23333333333333,194.6,4.34,2014.7167117548818,35.40600950239808,927697.429691558,105.9469611596437,25.40892256911447
2005-05,1178.28,20.696666666666665,62.24666666666667,194.4,4.14,2040.7776263888886,35.84656811128257,941072.9450295176,107.81105055727024,25.650230187182974
2005-06,1202.25,20.93,63.26,194.5,4,2081.223010604113,36.23206289203085,961116.0277013133,109.50980881748072,26.068394871883996
2005-07,1222.24,21.11,64.33,195.4,4.18,2106.0824644831114,36.37534430655066,973996.065045673,110.84916623592629,26.287871091254754
2005-08,1224.27,21.29,65.39999999999999,196.4,4.26,2098.839180588085,36.498718546334004,972052.9015052288,112.11912601832991,26.104381410936156
2005-09,1225.92,21.47,66.47,198.8,4.2,2076.2956261569416,36.36294953470824,963015.5400658239,112.57779485663983,25.73012299016448
2005-10,1191.96,21.72,67.58999999999999,199.2,4.46,2014.7250501506023,36.71249713855421,935877.2099760242,114.24482880271081,24.87653872364797
2005-11,1237.37,21.97,68.71,197.6,4.54,2108.414920761639,37.43575148026316,980847.0286903734,117.07831061487853,25.93178330906903
2005-12,1262.07,22.22,69.83,196.8,4.47,2159.244331897866,38.015648145325194,1005966.9284732747,119.47041899136177,26.443803114292415
2006-01,1278.73,22.406666666666666,70.77666666666666,198.3,4.42,2171.198742725668,38.04503413178685,1013013.4117706111,120.17408653975455,26.46870262668573
2006-02,1276.65,22.593333333333334,71.72333333333334,198.7,4.57,2163.3033425390036,38.28475582117095,1010818.2041522749,121.53630731840296,26.249624763583302
2006-03,1293.74,22.78,72.67,199.8,4.72,2180.1931002752754,38.38854702202202,1020204.8341720452,122.46249833583583,26.327837778667693
2006-04,1302.17,23,73.27666666666666,201.5,4.99,2175.8856801116626,38.432286600496276,1019687.8843238525,122.44303715053762,26.14728094387453
2006-05,1290.01,23.22,73.88333333333333,202.5,5.11,2144.921923469136,38.60829533333333,1006685.0566272237,122.84709532921809,25.650640708757354
2006-06,1253.17,23.44,74.49,202.9,5.11,2079.5596465869885,38.89725904386397,977529.6271133559,123.61163934204039,24.749582241646387
2006-07,1260.24,23.66,75.85,203.5,5.09,2085.1259118427515,39.14657452088452,981679.5925063776,125.4973659090909,24.696786766853318
2006-08,1287.15,23.88,77.21,203.9,4.88,2125.471931277587,39.43306508092201,1002221.6374478504,127.49694115988228,25.051393562010976
2006-09,1317.74,24.1,78.57,202.9,4.72,2186.709647289305,39.9924890340069,1032668.464126497,130.38215200837848,25.644156440797403
2006-10,1363.38,24.36,79.55,201.8,4.73,2274.7789239098115,40.64429182358771,1075858.4861500366,132.72797268334983,26.538040282101736
2006-11,1388.64,24.619999999999997,80.53,201.5,4.6,2320.3743680397024,41.139256352357314,1099044.2910565867,134.56313217121587,26.928020270856504
2006-12,1416.42,24.88,81.51,201.8,4.56,2363.2753622646183,41.5119039643211,1121002.835867539,135.99820305996033,27.2826897875717
2007-01,1424.16,25.083333333333332,82.05666666666667,202.416,4.76,2368.9581260374675,41.723799522600316,1125347.6966489858,136.49365752130925,27.20753665680715
2007-02,1444.8,25.286666666666665,82.60333333333334,203.499,4.72,2390.500794598499,41.83817605164317,1137237.5369081097,136.6717427808818,27.31518141351663
2007-03,1406.95,25.49,83.15,205.352,4.56,2306.8702361676537,41.794038395048496,1099108.70714744,136.33480943696676,26.227605554650918
2007-04,1463.64,25.71666666666667,83.74000000000001,206.686,4.69,2384.3315653213085,41.89353945518,1137678.5189400802,136.41600754284278,26.9762683141891
2007-05,1511.14,25.943333333333335,84.33000000000001,207.949,4.75,2446.7596179111224,42.00610158820993,1169136.1856456595,136.54276809458088,27.54849045185128
2007-06,1514.19,26.17,84.92,208.352,5.1,2446.955880181136,42.291149317021194,1170913.9655468115,137.23211310666565,27.418262740410622
2007-07,1520.71,26.440000000000005,82.81333333333333,208.299,5,2458.117596231859,42.73834540732313,1177959.3124346354,133.8617565934866,27.41008816720434
2007-08,1454.62,26.71,80.70666666666666,207.917,4.67,2355.6078514743863,43.25410465474203,1130562.7419792444,130.69616646706777,26.148607189312333
2007-09,1497.12,26.98,78.6,208.49,4.52,2417.7690933857734,43.57126358578349,1162139.3849206986,126.93481533886515,26.725743047696927
2007-10,1539.66,27.230000000000004,74.46000000000001,208.936,4.53,2481.161249928208,43.88113014272313,1194367.5194541656,119.99224937301375,27.320648130462033
2007-11,1463.39,27.480000000000004,70.32000000000001,210.177,4.15,2344.3277753869356,44.02252801210409,1130265.3302988808,112.65153456372488,25.729053579498387
2007-12,1479.22,27.73,66.18,210.036,4.1,2371.2779895113217,44.45284585737683,1145044.7703761181,106.09049184425528,25.95551010524024
2008-01,1378.76,27.92,64.25,211.08,3.74,2199.302807892742,44.536057324237255,1063793.3798159645,102.48716629950728,24.02231776083683
2008-02,1354.87,28.11,62.32,211.693,3.74,2154.936949816479,44.70929141492633,1044135.944769908,99.12070583344749,23.495263401811787
2008-03,1316.94,28.3,60.39,213.528,3.51,2076.608347546926,44.62467252538309,1007985.0694093789,95.22558211335281,22.60681084224934
2008-04,1370.47,28.436666666666667,57.383333333333326,214.823,3.68,2147.9897013704303,44.56986810459463,1044436.4072092999,89.93907858640212,23.35604064320161
2008-05,1403.22,28.573333333333334,54.376666666666665,216.632,3.88,2180.95445181229,44.41009858500437,1062264.6487238854,84.51492513032854,23.69643211662318
2008-06,1341.25,28.71,51.37,218.815,4.1,2063.8402774604115,44.17733783104448,1007015.6367646316,79.04527496972328,22.41681280228194
2008-07,1257.33,28.756666666666668,49.56333333333333,219.964,4.01,1924.602777420396,44.0180068367248,940866.8947859228,75.86689969343468,20.907206462661584
2008-08,1281.47,28.803333333333335,47.75666666666667,219.086,3.89,1969.4150669942394,44.26613080784106,964577.2997041437,73.39438214141174,21.401617360047933
2008-09,1216.95,28.85,45.95,218.783,3.69,1872.8482982567202,44.39925502667027,919093.1158952779,70.71562455720967,20.362733946097517
2008-10,968.8,28.696666666666665,35.593333333333334,216.573,3.81,1506.167445618798,44.613940061010986,740970.4044782759,55.33600324909691,16.387356548789832
2008-11,883.04,28.543333333333333,25.236666666666668,212.425,3.53,1399.6459397905141,45.242073527911806,690421.1132818904,40.000903734651445,15.259659405704582
2008-12,877.56,28.39,14.88,210.228,2.42,1405.4962773274729,45.469300461879484,695176.0850833717,23.831743250185514,15.37608074742377
2009-01,865.58,28.013333333333335,12.206666666666667,211.143,2.52,1380.3015131688003,44.67160330518496,684555.7000315757,19.465422573011338,15.174651936879668
2009-02,805.23,27.63666666666667,9.533333333333333,212.193,2.87,1277.710114412351,43.852872506790206,635488.2450876088,15.12715177534917,14.122181801918897
2009-03,757.13,27.26,6.86,212.709,2.82,1198.472374382372,43.150260755304195,597866.6216922823,10.858796360285648,13.32366765686393
2009-04,848.15,26.703333333333333,7.076666666666666,213.24,2.93,1339.2061387990057,42.16384828909523,669825.4908280295,11.173867172356655,14.981866453039247
2009-05,902.41,26.14666666666667,7.293333333333333,213.856,3.29,1420.7769368289876,41.16596776958951,712340.2559006789,11.482806919921192,15.996355755263153
2009-06,926.12,25.59,7.51,215.693,3.72,1445.68824917823,39.946402514221596,726499.1403635843,11.72323106220415,16.384182816215343
2009-07,935.82,25.026666666666664,9.186666666666667,215.351,3.56,1463.1500571392748,39.12907264574268,736912.813540689,14.36330903192153,16.694620816995613
2009-08,1009.73,24.46333333333333,10.863333333333333,215.834,3.59,1575.1751041657012,38.162710458809386,794935.7356406759,16.946760237806213,18.094069801576076
2009-09,1044.55,23.9,12.54,215.969,3.4,1628.4755966712814,37.26060673059559,823401.6387349861,19.550125874546808,18.831902264840075
2009-10,1067.66,23.403333333333332,25.349999999999998,216.177,3.39,1662.9030327694436,36.45118668575596,842344.981372707,39.48316119429911,19.35800844348684
2009-11,1088.07,22.906666666666666,38.16,216.33,3.4,1693.4934637706278,35.65238475169109,859345.5697547345,59.392971571210644,19.812761079966048
2009-12,1110.38,22.41,50.97,215.949,3.59,1731.266287850372,34.94090087242821,879990.5277318414,79.47067012350136,20.32237650021654
2010-01,1123.58,22.24,54.28999999999999,216.687,3.73,1745.8807722429124,34.5577425503145,888882.7559907159,84.35880589283157,20.52785980145442
2010-02,1089.16,22.07,57.61,216.741,3.69,1691.9754190024037,34.28504305830461,862892.4796925974,89.49530269999676,19.920539306600446
2010-03,1152.05,21.9,60.93,217.631,3.73,1782.3541821362764,33.88182508466165,910424.8010653314,94.26573526979152,21.00460120971536
2010-04,1197.32,21.946666666666665,62.986666666666665,218.009,3.85,1849.180278474742,33.89515182094929,946002.3076789286,97.27867387737815,21.804845599625157
2010-05,1125.06,21.993333333333332,65.04333333333332,218.178,3.42,1736.2336407199625,33.940914444475,889668.1042353244,100.37724515838747,20.480068638423408
2010-06,1083.36,22.04,67.1,217.965,3.2,1673.5144763608832,34.04617030257151,858983.8175763714,103.65236058541507,19.742039853739456
2010-07,1079.8,22.143333333333334,68.68666666666667,218.011,3.01,1667.6632369467595,34.198576535893444,857443.2763858362,106.08096764995038,19.668660470717708
2010-08,1087.28,22.246666666666666,70.27333333333333,218.312,2.7,1676.900252024625,34.31079477231363,863662.665448539,108.38180632153367,19.770299174358573
2010-09,1122.08,22.35,71.86,218.439,2.65,1729.5657667357934,34.45012377597407,892265.8451736729,110.76446955442938,20.381395233204035
2010-10,1171.58,22.476666666666667,73.69,218.711,2.54,1803.6188344207649,34.60228011317827,931956.6703151206,113.4439576541646,21.240127651759416
2010-11,1198.89,22.603333333333335,75.52,218.803,2.76,1844.885868669534,34.78264916005113,954777.6865250913,116.21231372513174,21.700723827760612
2010-12,1241.53,22.73,77.35,219.179,3.29,1907.2240560569212,34.91756364660848,988545.2602344742,118.82417721360166,22.39637977304421
2011-01,1282.62,22.963333333333335,78.67,220.223,3.39,1961.0053203116838,35.10877644100147,1017937.4187326081,120.27902929076436,22.97829943055498
2011-02,1321.12,23.196666666666665,79.99000000000001,221.309,3.58,2009.95636996236,35.29148595779355,1044874.018507118,121.69705252610603,23.489828703298524
2011-03,1304.49,23.43,81.31,223.467,3.41,1965.4897999369034,35.302245331525455,1023287.4319614359,122.5106943195192,22.89933643014364
2011-04,1331.51,23.733333333333334,82.16333333333334,224.906,3.46,1993.3650052799835,35.530485032265325,1039341.5331786908,123.00434347757138,23.143929447285945
2011-05,1338.31,24.036666666666665,83.01666666666667,225.964,3.17,1994.1641658737674,35.8161108664802,1041314.4274645281,123.6999363652322,23.059491506095338
2011-06,1287.29,24.34,83.87,225.722,3,1920.1976981530377,36.30697975828674,1004270.4521337308,125.10543929036602,22.100831286610994
2011-07,1325.19,24.619999999999997,84.90666666666667,225.922,3,1974.9816498503908,36.69213336903887,1034521.8368968741,126.53967251234201,22.610981701156625
2011-08,1185.31,24.9,85.94333333333334,226.545,2.3,1761.6551825354784,37.00737701118983,924393.9897825522,127.73242322349498,20.049852721660493
2011-09,1173.88,25.18,86.98,226.889,1.98,1742.0222640586367,37.366784176403435,915725.9582815985,129.0771599548678,19.698114568877713
2011-10,1207.22,25.596666666666664,86.97,226.421,2.15,1795.2013099712483,38.06362513120838,945347.9028323232,129.32908494574266,20.15582478668875
2011-11,1226.42,26.013333333333335,86.96000000000001,226.23,2.01,1825.292492618132,38.715890185504435,962892.8071466533,129.42339097378775,20.34524679764582
2011-12,1243.32,26.43,86.95,225.672,1.98,1855.0203606561734,39.43328196453259,980308.6016369514,129.7284853127548,20.52357549943169
2012-01,1300.58,26.736666666666668,87.48,226.665,1.97,1931.9507252773917,39.71606710711109,1022712.4479868899,129.94744609886837,21.21300809180345
2012-02,1352.49,27.043333333333337,88.01,227.663,1.97,2000.2535375642944,39.995506929833425,1060634.1164676074,130.16163804614715,21.797435963717525
2012-03,1389.24,27.35,88.54,229.392,2.17,2039.1184318110484,40.14417171261422,1083016.090438187,129.95849957714307,22.0539439729047
2012-04,1386.43,27.673333333333332,88.33333333333334,230.085,2.05,2028.8646700458526,40.496417635511506,1079362.4855906353,129.26464313912976,21.77924690682488
2012-05,1341.27,27.996666666666666,88.12666666666667,229.815,1.8,1965.084717348737,41.01770844302301,1047249.8096733788,129.1137249454271,20.94146741974347
2012-06,1323.48,28.32,87.92,229.478,1.62,1941.8682700302422,41.552353951141285,1036722.4711033339,129.00010449803466,20.547504086856076
2012-07,1359.78,28.743333333333332,87.44666666666667,229.104,1.53,1998.3861737245966,42.2423332598587,1068775.544124339,128.51506096939963,20.999341293380557
2012-08,1403.45,29.166666666666664,86.97333333333333,230.379,1.68,2051.1503473081316,42.62725317122365,1098894.667043934,127.11203311355055,21.41042845344293
2012-09,1443.42,29.59,86.5,231.407,1.72,2100.195218187004,43.053841921376616,1127092.3969523334,125.85864569783972,21.783690301727674
2012-10,1437.82,30.14333333333333,86.50333333333333,231.317,1.75,2092.861110316146,43.87601373511962,1125118.680226864,125.91246626562969,21.57710965452878
2012-11,1394.51,30.696666666666665,86.50666666666667,230.221,1.65,2039.4832166809283,44.894146671386764,1098434.06426718,126.51676560058958,20.898162059573693
2012-12,1422.29,31.25,86.51,229.601,1.72,2085.7287144764177,45.82681613973807,1125397.9740327396,126.86329165595969,21.238261139845605
2013-01,1480.4,31.536666666666665,86.90666666666667,230.28,1.91,2164.5433824040297,46.1108370281107,1169997.3925374204,127.0692044178102,21.900475413821795
2013-02,1512.31,31.82333333333333,87.30333333333334,232.166,1.98,2193.237403743442,46.15199593896895,1187586.2013521416,126.61222642060712,22.05272433686193
2013-03,1550.83,32.11,87.7,232.773,1.96,2243.2363234030577,46.44630187994312,1216755.232132448,126.85582917692345,22.41920711460256
2013-04,1570.7,32.49666666666667,88.78333333333333,232.531,1.76,2274.342271245554,47.054525163669936,1235754.3351919549,128.55649581847865,22.595655396105574
2013-05,1639.84,32.88333333333334,89.86666666666667,232.945,1.93,2370.2356262637104,47.52978837994663,1290009.6800931937,129.89387680926114,23.411841781842394
2013-06,1618.77,33.27,90.95,233.504,2.3,2334.179558776295,47.97355641659244,1272561.8451130807,131.145024228707,22.925333173915313
2013-07,1668.68,33.64666666666667,92.09,233.596,2.58,2405.199460478775,48.49758162953703,1313484.2459289383,132.73654524264114,23.492460177159625
2013-08,1670.09,34.02333333333333,93.23,233.877,2.74,2404.339548234756,48.981579373630865,1315243.724351193,134.21826134036266,23.356649094916083
2013-09,1687.17,34.4,94.37,234.149,2.81,2426.107140293147,49.46631674702859,1329406.1904761328,135.7016369597991,23.442287167960593
2013-10,1720.03,34.596666666666664,96.31333333333333,233.546,2.62,2479.745022425989,49.877567228012175,1361075.0974926273,138.85368797438906,23.834737887631423
2013-11,1783.54,34.79333333333334,98.25666666666666,233.069,2.72,2576.5690155490433,50.26375893690996,1416518.6157518947,141.94527899820795,24.64207709241204
2013-12,1807.78,34.99,100.2,233.049,2.9,2611.8111553578856,50.55220896678381,1438209.667760703,144.7651139889036,24.861869296461922
2014-01,1822.36,35.403333333333336,100.41666666666666,233.916,2.86,2623.1171343131723,50.959794046438326,1446773.8170343454,144.54041951313005,24.8596090936327
2014-02,1817.04,35.81666666666666,100.63333333333333,234.781,2.71,2605.8233939714028,51.36480644018609,1439596.341405869,144.3186139068607,24.590930877894117
2014-03,1863.52,36.23,100.85,236.293,2.72,2655.3797610593624,51.62510128315269,1469350.6373072069,143.7038770192092,24.95603915396537
2014-04,1864.26,36.61333333333333,101.60666666666667,237.072,2.71,2647.7053724817774,51.99989238149872,1467501.8641479567,144.30632916722908,24.786315396962618
2014-05,1889.77,36.99666666666667,102.36333333333334,237.9,2.56,2674.594499548129,52.36144142847135,1484823.7386462784,144.87498917262155,24.943274109902564
2014-06,1947.09,37.38,103.12,238.343,2.6,2750.5976251557627,52.805642897001384,1529460.4743493395,145.67463604972664,25.558007623511273
2014-07,1973.1,37.75,104.06666666666666,238.25,2.54,2788.429226757607,53.34914769150053,1552968.659068126,147.06935019237494,25.817545976158716
2014-08,1961.53,38.120000000000005,105.01333333333334,237.852,2.42,2776.7167876767903,53.962184593781004,1548950.057632782,148.6555319554457,25.617606421799376
2014-09,1993.23,38.49,105.96,238.031,2.53,2819.469057843306,54.44497826963715,1575329.71736227,149.88282404392703,25.91843689260618
2014-10,1937.27,38.806666666666665,104.74333333333334,237.433,2.3,2747.214133323927,55.03116402662365,1537520.83374099,148.53498258105094,25.162748283083236
2014-11,2044.57,39.123333333333335,103.52666666666667,236.151,2.33,2915.114609476563,55.78141152976979,1634090.5066538162,147.60663536607228,26.606817147143403
2014-12,2054.27,39.44,102.31,234.812,2.21,2945.646826258879,56.55357417849172,1653847.377833902,146.70375695237038,26.794085482572537
2015-01,2028.18,39.89666666666667,101.28999999999999,233.707,1.88,2921.986560287026,57.478884418666674,1643252.5253320765,145.9278854398884,26.49229542038311
2015-02,2082.2,40.35333333333333,100.27000000000001,234.722,1.98,2986.8408608907553,57.885402398014094,1682437.745851027,143.83370143190666,26.995513699383228
2015-03,2079.99,40.81,99.25,236.119,2.04,2966.0177833952366,58.19411907766847,1673440.1010914536,141.5282116750452,26.728605452928466
2015-04,2094.86,41.120000000000005,97.80333333333334,236.599,1.94,2981.1617365880666,58.51721385128425,1684735.6906767222,139.1823582693362,26.79137168019231
2015-05,2111.94,41.43,96.35666666666667,237.805,2.2,2990.2261347953154,58.65936947288744,1692620.729585455,136.42822377928695,26.80611137965081
2015-06,2099.29,41.74,94.91,238.638,2.36,2961.9401261429443,58.891997230114235,1679387.393752228,133.9108638502669,26.495895292784834
2015-07,2094.14,41.99666666666667,93.49333333333334,238.654,2.32,2954.475774698936,59.25016201628019,1677954.704499164,131.90321011450328,26.38113633639968
2015-08,2039.87,42.25333333333333,92.07666666666667,238.316,2.17,2881.991720939844,59.696822272389035,1639613.6967096692,130.08877576760827,25.693658417057687
2015-09,1944.41,42.51,90.66,237.945,2.17,2751.4061363025066,60.153092636953915,1568173.1976087585,128.2869766752821,24.49675217048642
2015-10,2024.81,42.803333333333335,89.28333333333333,237.838,2.07,2866.46386701242,60.595418033143005,1636628.7857763206,126.39578475334751,25.491441046066736
2015-11,2080.62,43.096666666666664,87.90666666666667,237.336,2.26,2951.7025405121844,61.13972781555824,1688205.4530959225,124.71010147357894,26.225851890971917
2015-12,2054.08,43.39,86.53,236.525,2.24,2924.0429109819256,61.766933083183595,1675329.653188028,123.17798386005707,25.965424037124166
2016-01,1918.6,43.553333333333335,86.5,236.916,2.09,2726.675697926691,61.897120589857444,1565203.4862321597,122.93205872545542,24.206167203878465
2016-02,1904.42,43.71666666666667,86.47,237.111,1.78,2704.2975235438257,62.078151565441225,1555327.2408432078,122.78835911239884,24.002606777289753
2016-03,2021.95,43.88,86.44,238.132,1.89,2858.881084808005,62.04292984563183,1647206.7190558524,122.21948167402952,25.372298620187898
2016-04,2075.54,44.07333333333334,86.6,239.261,1.81,2920.8054671885516,62.02223660214857,1685863.758595922,121.86792519466188,25.92233754367387
2016-05,2065.55,44.266666666666666,86.75999999999999,240.229,1.81,2895.0343271940524,62.0432909154737,1673973.1163205719,121.60111264668292,25.69470992344996
2016-06,2083.89,44.46,86.92,241.018,1.64,2911.177936803475,62.11027024952493,1686300.5045332348,121.4265562323146,25.840372927670497
2016-07,2148.9,44.65,87.64333333333333,240.628,1.5,3006.8619081112756,62.476794730870886,1744741.2755859492,122.63548815668446,26.694003256096288
2016-08,2170.95,44.84,88.36666666666667,240.849,1.56,3034.928140608846,62.685081565628266,1764057.8987503208,123.53415940416333,26.948872433723857
2016-09,2157.69,45.03,89.09,241.428,1.63,3009.1570257902977,62.79972603633381,1752120.2599505717,124.24667094330401,26.72787334647853
2016-10,2143.02,45.25333333333333,90.91,241.729,1.76,2984.9764395459374,63.03260530042595,1741099.265463867,126.62700680307285,26.525143085070585
2016-11,2164.99,45.47666666666667,92.73,241.353,2.14,3020.276003395441,63.442364651913714,1764772.8188945076,129.36327363861233,26.850953531056255
2016-12,2246.63,45.7,94.55,241.432,2.49,3133.142593597783,63.73306531445707,1833825.0364491013,131.85910996678155,27.865098223923518
2017-01,2275.12,45.92666666666667,96.46333333333334,242.839,2.43,3154.49113519657,63.67807538465129,1849426.207698542,133.7479912582685,28.063573742124454
2017-02,2329.91,46.153333333333336,98.37666666666667,243.603,2.42,3220.326841120593,63.79165639038381,1891141.2644420532,135.97307200992324,28.65510652518412
2017-03,2366.82,46.38,100.29,243.801,2.48,3268.685877847097,64.05288573467706,1922674.7690050385,138.50504334477708,29.086921742464636
2017-04,2359.31,46.660000000000004,101.53333333333333,244.524,2.3,3248.6801574794295,64.24904575828958,1914056.52712688,139.80753920542222,28.904245956275147
2017-05,2395.35,46.94,102.77666666666667,244.733,2.3,3295.4891405633894,64.57939769054438,1944806.170950386,141.39870536802692,29.313344980271427
2017-06,2433.99,47.22,104.02,244.955,2.19,3345.6146700312297,64.9057410748913,1977579.311721165,142.97956769610744,29.748503240632747
2017-07,2454.1,47.53666666666667,105.03999999999999,244.786,2.32,3375.5855462526447,65.38612318855381,1998515.7649748358,144.4812785861936,30.002220744018555
2017-08,2456.22,47.85333333333334,106.06,245.519,2.21,3368.415023093935,65.62518296615198,1997508.23903074,145.44873722603953,29.914959397497476
2017-09,2492.84,48.17,107.08,246.819,2.2,3400.6290083421454,65.71151751891063,2019858.8030891342,146.07409790170126,30.168114410678893
2017-10,2557,48.42333333333333,108.01333333333334,246.663,2.36,3490.359475275983,66.09888162864583,2076427.3791958988,147.44050115609826,30.920393290333823
2017-11,2593.61,48.67666666666666,108.94666666666666,246.669,2.35,3540.246789837799,66.44307081892468,2109399.4567893683,148.7109036941542,31.298913333880268
2017-12,2664.34,48.93,109.88,246.524,2.4,3638.9314796328144,66.82815154913922,2171517.3588217786,150.07311040710033,32.086132007705984
2018-01,2789.8,49.28666666666666,111.73333333333332,247.867,2.58,3789.6386265618257,66.9505540807503,2264780.599716838,151.7775309608244,33.30734382803066
2018-02,2705.16,49.64333333333333,113.58666666666666,248.991,2.86,3658.076188657421,67.13063020015449,2189498.915616216,153.59856004166144,32.03538233925028
2018-03,2702.77,50,115.44,249.554,2.84,3646.598871156142,67.46039935244477,2185994.1038992763,155.75257002492447,31.808409057643114
2018-04,2653.63,50.33,117.78666666666666,250.546,2.87,3566.1231247255996,67.63677561206326,2141130.827114564,158.28949619364641,30.970179293325227
2018-05,2701.49,50.66,120.13333333333333,251.588,2.976,3615.4043848375118,67.79828396028427,2174111.939682885,160.77445413400744,31.243615074864607
2018-06,2754.35,50.99,122.48,251.989,2.91,3680.281018566286,68.13133012750556,2216539.5104863597,163.65415403053308,31.6305564964546
2018-07,2793.64,51.44,125.11666666666667,252.006,2.89,3732.527346213979,68.72797020705855,2251455.568249509,167.16591250142193,31.886366962158984
2018-08,2857.82,51.89,127.75333333333333,252.146,2.89,3816.1569426245114,69.2907124146328,2305383.8359341254,170.5939387167223,32.390276880301116
2018-09,2901.5,52.34,130.39,252.439,3,3869.987503416667,69.81049316864669,2341417.933065815,173.91269018455944,32.62289112050019
2018-10,2785.46,52.81,131.05666666666667,252.885,3.15,3708.6623499416733,70.31314709255194,2247358.1369764195,174.49359365258255,31.0379610780065
2018-11,2723.23,53.28,131.72333333333333,252.038,3.12,3637.9919766364596,71.17731976924114,2208127.938223773,175.97060468725613,30.195583406705246
2018-12,2567.31,53.75,132.39,251.233,2.83,3440.686210917753,72.03527576990282,2092014.1266425927,177.42790993818483,28.29185701207287
2019-01,2607.39,54.14666666666667,133.05666666666664,251.712,2.71,3487.7513382258294,72.42879244268582,2124300.6365046985,177.98203077657533,28.38016446354758
2019-02,2754.86,54.54333333333334,133.7233333333333,252.776,2.68,3669.5020520737726,72.65228490508065,2238687.9287777366,178.12086497201733,29.54154896513121
2019-03,2803.98,54.94,134.39,254.202,2.57,3713.9785170651685,72.77012665124586,2269521.7378416895,178.0046836669263,29.57619601478482
2019-04,2903.8,55.319091580592705,134.68333333333334,255.548,2.53,3825.935581378058,72.88631476262174,2341647.5582373333,177.45359777484725,30.133517171387513
2019-05,2854.71,55.69818316118541,134.97666666666666,256.092,2.4,3753.266680245771,73.22990251517781,2300905.8713010238,177.4623081190874,29.242030936939855
2019-06,2890.17,56.07727474177812,135.27,256.143,2.06,3799.131584866657,73.71363818209117,2332788.7217432857,177.81256102060178,29.283796275306265
2019-07,2996.1136363636365,56.45818316118542,134.48000000000002,256.571,1.63,3931.8247595871917,74.09054174055882,2418057.7538586245,176.4792186957996,29.986685335042527
2019-08,2897.498181818182,56.83909158059271,133.69,256.558,1.63,3802.603552384752,74.59419057272999,2342410.1164849983,175.4513849597362,28.705397371833076
2019-09,2982.156,57.22,132.9,256.759,1.7,3910.6425509485543,75.035298879494,2412814.141811785,174.27807097316938,29.229520233035274
2019-10,2977.68,57.56,135.09,257.346,1.71,3895.86626728218,75.30898630637353,2407569.4255460273,176.74584711827654,28.841122881953403
2019-11,3104.9044999999996,57.900000000000006,137.28,257.208,1.81,4064.500798482647,75.79447169217131,2515685.5714558978,179.70751422972845,29.83686765908343
2019-12,3176.7495238095235,58.24,139.47,256.974,1.86,4162.336885653986,76.308975071408,2580176.217373794,182.7406035921922,30.331822322243294
2020-01,3278.2028571428577,58.686867862126704,131.75666666666666,257.971,1.76,4278.665902565461,76.59730388646408,2656243.800722696,171.96701414435472,30.985220300230704
2020-02,3277.3142105263164,59.13373572425341,124.04333333333332,258.678,1.5,4265.815082893649,76.96960546235108,2652247.8339040624,161.4571836188878,30.729689264735754
2020-03,2652.3936363636367,59.58060358638012,116.33,258.115,0.87,3459.9368516438235,77.72041191982288,2155224.1852361504,151.7476321891405,24.81716862909942
2020-04,2761.975238095238,59.61373572425342,110.63,256.389,0.66,3627.1359268941965,78.28713291830014,2263437.726013838,145.28372378495175,25.92735882528017
2020-05,2919.615,59.64686786212671,104.93,256.394,0.67,3834.0799722448646,78.32911581743343,2396650.0985693266,137.79556944585286,27.32848099769846
2020-06,3104.6609090909087,59.68,99.23,257.797,0.73,4054.8963108807943,77.94610069162945,2538740.760351746,129.601065208284,28.838315955122845
2020-07,3207.6190909090906,59.403333333333336,98.89333333333335,259.101,0.62,4168.282445123189,77.19428788065915,2613758.5498168035,128.5113143394532,29.599194927667003
2020-08,3391.71,59.126666666666665,98.55666666666667,259.918,0.65,4393.653401947922,76.59324651749141,2759081.784106832,127.67124364543177,31.158208965355232
2020-09,3365.5166666666664,58.85,98.22,260.28,0.68,4353.6587638152505,76.12882170162902,2737950.241567367,127.05816257491931,30.839426043811258
2020-10,3418.701363636364,58.659615378670054,96.85666666666667,260.388,0.79,4420.624620995225,75.85106519080009,2784039.1901774234,125.24257600516665,31.283694032592855
2020-11,3548.992500000001,58.469230757340114,95.49333333333334,260.229,0.87,4591.904291981775,75.65107890859245,2895878.727859696,123.5551349260331,32.47320409661257
2020-12,3695.3099999999995,58.27884613601017,94.13,260.474,0.93,4776.721672134262,75.3338224302854,3016392.677125583,121.67661468131175,33.765591418117104
2021-01,3793.748421052632,58.06369311230766,105.48666666666665,261.582,1.08,4883.195486713636,74.7377877179518,3087561.441165316,135.7791707316762,34.512432294106915
2021-02,3883.4321052631576,57.84854008860516,116.84333333333332,263.014,1.26,4971.4181020787155,74.05544157333213,3147245.0998253366,149.5782716667807,35.10390717196983
2021-03,3910.5082608695648,57.63338706490265,128.2,264.877,1.61,4970.869909663155,73.26108281617313,3150762.993326217,162.96232609852873,35.04254511219209
2021-04,4141.176190476191,57.71060542140715,138.38666666666666,267.054,1.64,5221.1727164819895,72.76122159952348,3313259.554805456,174.4771666529366,36.71981410913302
2021-05,4167.849500000001,57.787823777911655,148.57333333333332,269.195,1.62,5213.009040332753,72.27910887267147,3311901.285750759,185.83063755517992,36.552133989799074
2021-06,4238.489545454546,57.86504213441615,158.76,271.696,1.52,5252.563488520006,71.70946260864514,3340827.314542646,196.74390381161294,36.69625801308837
2021-07,4363.7128571428575,58.32818900579217,164.31666666666666,273.003,1.32,5381.857378593694,71.93736266743396,3426875.981267148,202.65514571573692,37.4433831846154
2021-08,4454.206363636363,58.79133587716819,169.87333333333333,273.567,1.28,5482.139279181897,72.35908383568376,3494569.606606581,209.07636447987755,37.97350061407049
2021-09,4445.543333333333,59.254482748544206,175.43,274.31,1.37,5456.656890813921,72.73157797767314,3482189.491299144,215.33055614997627,37.6203466866512
2021-10,4460.707142857143,59.63536092649366,182.91,276.589,1.58,5430.15524904022,72.59594898130673,3469137.971105773,222.6619378482152,37.25302500032531
2021-11,4667.386666666667,60.01623910444312,190.39,277.948,1.56,5653.972172900447,72.70238573591384,3615997.4321115627,230.6343654118756,38.58262749771922
2021-12,4674.772727272726,60.397117282392585,197.87,278.802,1.47,5645.573367357151,72.9396650248596,3614513.3564502373,238.9612645085042,38.304849873467454
2022-01,4573.8155,60.921402962953294,197.88333333333333,281.148,1.76,5477.5592296721825,72.95890992636302,3510836.830828882,236.98325367481416,36.93675807029747
2022-02,4435.980526315789,61.44568864351402,197.89666666666665,283.716,1.93,5264.404376932064,72.92073315460999,3378110.2864784757,234.85406935397836,35.287149225694876
2022-03,4391.265217391306,61.969974324074734,197.91,287.504,2.13,5142.676611497429,72.57396713579477,3303879.746831016,231.77537174265396,34.270798693291745
2022-04,4391.295999999999,62.65331621604982,196.02666666666664,289.109,2.75,5114.162689587663,72.96689910474261,3289467.5863250275,228.29530617633256,33.88916475591386
2022-05,4040.3599999999997,63.336658108024906,194.14333333333332,292.296,2.9,4654.152715363877,72.95846887790634,2997496.359162992,223.63668633565516,30.67315507954515
2022-06,3898.9466666666676,64.02,192.26,296.311,3.14,4430.400212625699,72.74637122820279,2857293.418482583,218.46637507551185,29.047721395103846
2022-07,3911.729499999999,64.4527684478357,190.58333333333331,296.276,2.9,4445.450527826671,73.24678087181678,2870936.383544764,216.5867501220708,29.00461831720894
2022-08,4158.5630434782615,64.8855368956714,188.90666666666664,296.171,2.9,4727.637805118973,73.7647389317549,3057146.8787252735,214.7574269369159,30.698763365175296
2022-09,3850.520476190475,65.31830534350709,187.23,296.808,3.52,4368.04670683894,74.09736172453293,2828608.72956521,212.39450354269425,28.22988465582197
2022-10,3726.050952380952,65.85220356233806,182.40333333333334,298.012,3.98,4209.771040023236,74.40121002674428,2730129.408634071,206.0831373708665,27.0807669254007
2022-11,3917.488571428571,66.38610178116903,177.57666666666665,297.711,3.89,4430.536262926605,75.08025254775623,2877358.1269381293,200.8327138091415,28.378949016273314
2022-12,3912.380952380953,66.92,172.75,296.797,3.62,4438.385983557465,75.91714447922317,2886564.6554674525,195.97559337695458,28.31690128452729
2023-01,3960.6565,67.35,173.55666666666667,299.17,3.53,4457.5125638069485,75.79891646054082,2903111.9582253345,195.32898705028353,28.33481342375569
2023-02,4079.684736842105,67.78,174.36333333333332,300.84,3.75,4565.9848119130465,75.85940348690333,2977875.503504423,195.14751337643486,28.91976294386664
2023-03,3968.5591304347827,68.21,175.17,301.836,3.66,4426.956530556905,76.08875035615365,2891338.4195076255,195.40340712340475,27.93813125399789
2023-04,4121.467368421053,68.37666666666667,177.11666666666665,303.363,3.46,4574.384790874993,75.89073407381035,2991757.403303013,196.58041997815593,28.764841267615363
2023-05,4146.1731818181825,68.54333333333332,179.06333333333333,304.127,3.57,4590.245347704996,75.88460567186294,3006266.4507309915,198.24175130510167,28.76205134313123
2023-06,4345.372857142857,68.71,181.01,305.109,3.75,4795.296524662381,75.82429288385462,3144697.8623057245,199.75193210459213,29.940031645987492
2023-07,4508.075500000001,68.91104536354072,182.09,305.691,3.9,4965.374014507706,75.90137165198027,3260380.5712522054,200.56118277116437,30.891659813659928
2023-08,4457.358695652174,69.11209072708144,183.17,307.026,4.17,4888.165129877472,75.79181641239178,3213830.6370692896,200.87349212281694,30.304748245365207
2023-09,4409.094999999999,69.31313609062215,184.25,307.789,4.38,4823.250307105679,75.82386066427489,3175305.310281351,201.55697917242006,29.799681861350244
2023-10,4269.4009090909085,69.64332137499402,186.97666666666666,307.671,4.8,4672.225700313439,76.21427992170477,3080062.0118066906,204.61821364650334,28.76905495498398
2023-11,4460.063333333332,69.97350665936588,189.70333333333332,307.051,4.5,4890.7329380108395,76.73024085765934,3228323.3284118893,208.0213376903728,30.013224817381495
2023-12,4685.0515000000005,70.30369194373775,192.42999999999998,306.746,4.02,5142.5544630178565,77.16896276847778,3398793.040124139,211.22110510813505,31.45231092384458
2024-01,4815.6139130434785,70.47740320664859,192.08333333333331,308.417,4.06,5257.227741743217,76.94050353589259,3478819.9635606646,209.6982538386881,32.04512301259602
2024-02,5011.9615,70.65111446955943,191.73666666666665,310.326,4.21,5437.922346307995,76.65567147025797,3602616.50354806,208.03214555284868,33.03719268559904
2024-03,5170.572499999999,70.82482573247027,191.39,312.332,4.21,5573.982343766007,76.35060298121606,3696971.2567366497,206.32231358778478,33.754920176406
2024-04,5112.492727272728,71.20848368988366,193.17999999999998,313.548,4.54,5489.997000127283,76.46648762073033,3645493.961602415,207.44432844412975,33.141593030769805
2024-05,5235.225454545454,71.59214164729707,194.96999999999997,314.069,4.48,5612.466430471705,76.75094323438586,3731063.740080061,209.01918923071042,33.77363454011197
2024-06,5415.140526315788,71.97579960471046,196.76,314.175,4.31,5803.387185471973,77.13621300503195,3862257.5493047703,210.86700466300627,34.81054878004298
2024-07,5538.004545454546,72.45053306980697,197.93,314.54,4.25,5928.172934938901,77.55488204119435,3949605.868044221,211.87473924620076,35.443553078907236
2024-08,5478.214545454546,72.92526653490349,199.10000000000002,314.796,3.87,5859.401666502059,77.99957900868701,3908118.0254170857,212.95384876237313,34.919631348614786
2024-09,5621.2604999999985,73.4,200.27,315.301,3.72,6002.771369786726,78.3816047205686,4008099.696226664,213.8621795284506,35.66018363515213
2024-10,5792.31956521739,73.87741819658692,203.57,315.664,4.1,6178.327099981583,78.80070320386665,4129704.3540496747,217.1361634285189,36.58721052793017
2024-11,5929.916,74.35483639317383,206.87,315.493,4.36,6328.521392484144,79.35292384392277,4234516.982044378,220.7756771703334,37.3501956550788
2024-12,6010.908571428571,74.83225458976072,210.17,315.605,4.39,6412.681734215689,79.83409270586994,4295281.56524955,224.21790384341185,37.71119169643465
2025-01,5979.5155,75.2699367248546,212.3433333333333,317.671,4.63,6337.702729329637,79.77878532425913,4249512.896101867,225.06320507432739,37.129219852198915
2025-02,6038.69,75.70761885994848,214.51666666666665,319.082,4.45,6372.118868104436,79.887847628664,4277053.189944426,226.3612967695869,37.1871755936969
2025-03,5683.983333333333,76.14530099504236,216.69,319.799,4.28,5984.379592585238,80.1695498777545,4021281.535354404,228.141980345467,34.78475033985075
2025-04,5369.495714285715,76.54686733002825,218.63666666666666,320.795,4.28,5635.719226839348,80.34211682456817,3791493.588188387,229.4768320136951,32.621270341113544
2025-05,5810.919523809524,76.94843366501412,220.58333333333331,321.465,4.42,6086.3175039165935,80.5952649654509,4099157.1021298184,231.03747990968432,35.07669704372764
2025-06,6029.951499999999,77.35,222.53,322.561,4.38,6294.270471439122,80.74058654797076,4243745.776462724,232.28445668416208,36.11109213369693
2025-07,6296.498181818183,77.72666666666666,226.76999999999998,323.048,4.39,6562.592902425421,81.01145371069727,4429206.748162209,236.35346973979097,37.47424619164658
2025-08,6408.949523809522,78.10333333333332,231.01,323.976,4.26,6660.66284818643,81.17086407377911,4499961.141134042,240.08298377811934,37.84614504488179
2025-09,6584.018095238095,78.48,235.25,324.8,4.12,6825.247963889133,81.35540523399014,4615735.600247476,243.86925434883003,38.58038732538846
2025-10,6735.691739130435,78.82666666666667,237.04466666666667,325.21200000000005,4.06,6973.632868676899,81.61125165533045,4720683.701961658,245.41836871896894,39.20569217112651
2025-11,6740.885789473684,79.17333333333333,238.83933333333334,324.122,4.09,7002.480333137634,82.2458244940691,4744851.08627436,248.10800637774256,39.149566590415425
2025-12,6853.025454545453,79.52,240.634,324.054,4.14,7120.465674862268,82.62327846593469,4829462.887337354,250.02477352077125,39.58164099324258
2026-01,6929.122,79.80176666666667,247.66366666666664,325.252,4.21,7173.013877487301,82.61063663592638,4869772.986581503,256.3809553287399,39.64081842859694
2026-02,6893.806315789475,80.08353333333334,254.69333333333333,326.785,4.13,7102.976911357299,82.51341308265883,4826892.964533547,262.4211913235511,39.01399720511151
2026-03,6654.419090909089,80.3653,261.723,330.213,4.25,6785.149499001744,81.944128793612,4615550.928022334,266.8647192289522,37.03161144602041
2026-04,6957.0076190476175,80.58670000000001,,333.02,4.32,7033.890470798263,81.4772747482884,4789373.946362002,0,38.13827810357587
2026-05,7412.5515,80.8081,,335.123,4.48,7447.4385320848605,81.18842177954063,5075565.463652933,0,40.60415223660444
2026-06,7450.032857142856,81.0295,,336.17449999999997,4.47,7461.684111996044,81.15622364984554,5089883.207501909,0,40.907829785838025